instrument,instrument_annual_return,instrument_annual_volatility,instrument_sharpe,portfolio_annual_return,portfolio_annual_volatility,portfolio_sharpe
000001.SZ,0.04,0.31,0.29,0.75,0.31,1.96
000002.SZ,-0.01,0.38,0.16,0.96,0.38,1.96
000004.SZ,-0.06,0.54,0.16,1.34,0.49,1.98
000006.SZ,-0.07,0.42,0.04,1.09,0.42,1.97
000008.SZ,-0.14,0.37,-0.24,0.83,0.37,1.83
000009.SZ,0.01,0.48,0.27,1.25,0.46,2
000010.SZ,-0.18,0.49,-0.16,1.32,0.48,1.98
000011.SZ,-0.02,0.48,0.2,1.26,0.46,1.99
000012.SZ,-0.04,0.41,0.11,1.05,0.41,1.98
000014.SZ,-0.09,0.48,0.05,1.32,0.48,1.98
000017.SZ,-0.09,0.52,0.08,1.27,0.47,1.98
000019.SZ,-0.02,0.46,0.19,1.23,0.45,1.99
000020.SZ,-0.04,0.52,0.19,1.29,0.47,1.98
000021.SZ,0.04,0.48,0.32,1.22,0.45,2
000025.SZ,-0.08,0.5,0.08,1.3,0.48,1.98
000026.SZ,-0.03,0.42,0.15,1.1,0.42,1.98
000027.SZ,-0.03,0.35,0.08,0.82,0.35,1.9
000028.SZ,-0.07,0.33,-0.05,0.71,0.33,1.81
000029.SZ,0.01,0.38,0.2,0.97,0.38,1.98
000030.SZ,-0.04,0.39,0.1,0.98,0.39,1.95
000031.SZ,-0.19,0.38,-0.36,0.86,0.38,1.83
000032.SZ,0.01,0.51,0.27,1.27,0.47,1.99
000035.SZ,-0.06,0.38,0.01,0.93,0.38,1.92
000036.SZ,-0.02,0.37,0.12,0.92,0.37,1.94
000037.SZ,-0.03,0.5,0.19,1.3,0.48,1.98
000039.SZ,-0.03,0.36,0.08,0.84,0.35,1.9
000042.SZ,-0.14,0.39,-0.18,0.95,0.39,1.89
000045.SZ,-0.05,0.47,0.13,1.29,0.47,1.98
000048.SZ,-0.04,0.39,0.1,0.98,0.39,1.94
000049.SZ,-0.01,0.49,0.22,1.31,0.48,1.98
000050.SZ,-0.11,0.42,-0.07,1.09,0.42,1.95
000055.SZ,-0.05,0.4,0.08,1.03,0.4,1.96
000056.SZ,-0.18,0.51,-0.13,1.35,0.49,1.98
000058.SZ,-0.08,0.5,0.08,1.28,0.47,1.98
000059.SZ,-0.06,0.39,0.02,0.95,0.38,1.93
000060.SZ,-0.08,0.39,-0.01,0.93,0.39,1.9
000061.SZ,-0.09,0.36,-0.08,0.83,0.36,1.85
000062.SZ,0,0.46,0.24,1.26,0.46,1.99
000063.SZ,0.06,0.44,0.35,1.18,0.44,2.01
000065.SZ,-0.04,0.44,0.13,1.16,0.44,1.97
000068.SZ,-0.15,0.5,-0.08,1.35,0.49,1.98
000069.SZ,-0.12,0.36,-0.17,0.8,0.36,1.84
000070.SZ,-0.09,0.52,0.08,1.35,0.49,1.98
000078.SZ,-0.12,0.4,-0.12,1,0.4,1.92
000088.SZ,-0.06,0.37,0.02,0.9,0.37,1.9
000089.SZ,-0.02,0.29,0.07,0.59,0.29,1.75
000090.SZ,-0.05,0.38,0.05,0.93,0.38,1.93
000096.SZ,-0.07,0.36,-0.02,0.86,0.36,1.9
000099.SZ,-0.01,0.41,0.18,1.06,0.41,1.98
000100.SZ,0,0.38,0.2,0.96,0.38,1.97
000151.SZ,-0.09,0.51,0.07,1.32,0.48,1.98
000153.SZ,-0.04,0.41,0.11,1.07,0.41,1.97
000155.SZ,0.03,0.47,0.3,1.25,0.46,1.99
000156.SZ,-0.13,0.37,-0.21,0.85,0.37,1.85
000157.SZ,0.04,0.32,0.29,0.76,0.32,1.91
000158.SZ,0.08,0.55,0.41,1.23,0.45,2.01
000159.SZ,-0.05,0.48,0.13,1.29,0.48,1.98
000166.SZ,-0.05,0.3,-0.02,0.62,0.3,1.77
000301.SZ,0.04,0.43,0.3,1.15,0.43,2
000333.SZ,0.19,0.33,0.7,0.9,0.33,2.09
000338.SZ,0.13,0.36,0.52,0.96,0.36,2.05
000400.SZ,0.05,0.44,0.33,1.19,0.44,2
000401.SZ,-0.08,0.39,-0.01,0.98,0.39,1.92
000402.SZ,-0.1,0.36,-0.11,0.84,0.36,1.88
000404.SZ,0,0.39,0.2,0.99,0.39,1.97
000407.SZ,-0.11,0.39,-0.1,0.96,0.39,1.92
000408.SZ,0.05,0.47,0.34,1.21,0.44,2.01
000409.SZ,-0.01,0.46,0.21,1.24,0.46,1.99
000410.SZ,-0.15,0.43,-0.15,1.11,0.43,1.94
000411.SZ,-0.07,0.47,0.09,1.26,0.47,1.98
000415.SZ,-0.12,0.35,-0.2,0.77,0.35,1.81
000417.SZ,-0.08,0.35,-0.06,0.8,0.35,1.85
000419.SZ,-0.06,0.38,0.02,0.92,0.38,1.92
000420.SZ,-0.03,0.44,0.15,1.18,0.44,1.98
000422.SZ,0.05,0.45,0.34,1.19,0.44,2.01
000423.SZ,0.04,0.34,0.29,0.85,0.34,1.96
000425.SZ,0.11,0.36,0.46,0.95,0.36,2.04
000428.SZ,-0.11,0.46,-0.03,1.24,0.46,1.97
000429.SZ,0.1,0.26,0.5,0.58,0.26,1.91
000430.SZ,-0.08,0.4,0,1,0.4,1.94
000488.SZ,-0.02,0.37,0.12,0.91,0.37,1.93
000498.SZ,-0.03,0.41,0.13,1.07,0.41,1.98
000501.SZ,-0.06,0.35,0.01,0.82,0.35,1.89
000503.SZ,-0.12,0.54,0.03,1.35,0.49,1.98
000504.SZ,-0.1,0.47,0.01,1.28,0.47,1.98
000505.SZ,-0.08,0.48,0.06,1.3,0.48,1.98
000506.SZ,-0.2,0.52,-0.17,1.35,0.49,1.98
000507.SZ,-0.05,0.37,0.05,0.89,0.37,1.91
000509.SZ,-0.09,0.49,0.04,1.34,0.49,1.98
000510.SZ,-0.09,0.44,0.02,1.17,0.44,1.97
000514.SZ,-0.06,0.48,0.11,1.28,0.47,1.98
000516.SZ,-0.05,0.45,0.11,1.2,0.45,1.98
000517.SZ,-0.08,0.46,0.04,1.21,0.45,1.97
000518.SZ,-0.12,0.47,-0.04,1.25,0.46,1.97
000521.SZ,0.04,0.42,0.31,1.13,0.42,2
000523.SZ,-0.17,0.44,-0.22,1.13,0.44,1.94
000524.SZ,-0.09,0.48,0.06,1.3,0.48,1.98
000525.SZ,-0.05,0.46,0.12,1.25,0.46,1.98
000526.SZ,0.02,0.53,0.29,1.26,0.46,2
000528.SZ,0.07,0.35,0.37,0.9,0.35,2.01
000530.SZ,-0.06,0.45,0.09,1.2,0.45,1.98
000531.SZ,-0.05,0.4,0.08,1.01,0.4,1.95
000532.SZ,-0.04,0.5,0.17,1.27,0.47,1.99
000533.SZ,-0.1,0.48,0.03,1.3,0.48,1.98
000536.SZ,-0.09,0.49,0.05,1.34,0.49,1.98
000537.SZ,0,0.47,0.24,1.27,0.47,1.99
000538.SZ,0.03,0.3,0.26,0.65,0.3,1.83
000539.SZ,-0.06,0.35,0.01,0.83,0.35,1.89
000541.SZ,-0.08,0.35,-0.07,0.77,0.35,1.83
000543.SZ,-0.01,0.34,0.15,0.8,0.34,1.9
000544.SZ,-0.01,0.37,0.15,0.9,0.37,1.94
000546.SZ,-0.07,0.48,0.08,1.31,0.48,1.98
000547.SZ,-0.13,0.44,-0.09,1.16,0.44,1.95
000548.SZ,-0.11,0.41,-0.09,1,0.41,1.92
000550.SZ,0.04,0.47,0.32,1.22,0.45,2
000551.SZ,0.03,0.43,0.28,1.16,0.43,2
000552.SZ,-0.04,0.39,0.09,0.96,0.39,1.94
000554.SZ,-0.09,0.43,0,1.12,0.43,1.96
000555.SZ,-0.1,0.47,0.02,1.28,0.47,1.98
000557.SZ,-0.04,0.42,0.11,1.08,0.41,1.97
000558.SZ,-0.2,0.47,-0.24,1.24,0.46,1.96
000559.SZ,-0.11,0.36,-0.14,0.83,0.36,1.85
000560.SZ,-0.08,0.49,0.08,1.31,0.48,1.98
000561.SZ,-0.05,0.46,0.11,1.22,0.46,1.98
000563.SZ,-0.04,0.38,0.08,0.95,0.38,1.95
000564.SZ,-0.13,0.49,-0.03,1.34,0.49,1.98
000565.SZ,-0.13,0.42,-0.1,1.08,0.42,1.94
000567.SZ,0.05,0.5,0.35,1.22,0.45,2.01
000568.SZ,0.24,0.41,0.72,1.12,0.4,2.08
000570.SZ,-0.09,0.43,0,1.13,0.43,1.97
000571.SZ,-0.07,0.44,0.04,1.16,0.44,1.98
000572.SZ,-0.1,0.49,0.04,1.34,0.49,1.98
000573.SZ,-0.09,0.45,0.02,1.21,0.45,1.98
000576.SZ,-0.07,0.49,0.1,1.27,0.47,1.98
000581.SZ,0,0.32,0.15,0.73,0.32,1.87
000582.SZ,-0.06,0.38,0.02,0.91,0.38,1.91
000584.SZ,-0.22,0.5,-0.26,1.35,0.49,1.98
000589.SZ,-0.02,0.36,0.12,0.87,0.36,1.93
000591.SZ,-0.06,0.43,0.08,1.14,0.43,1.98
000592.SZ,-0.2,0.47,-0.24,1.25,0.47,1.96
000593.SZ,-0.07,0.48,0.08,1.3,0.48,1.98
000596.SZ,0.22,0.44,0.66,1.14,0.41,2.07
000597.SZ,0.01,0.39,0.21,1.01,0.39,1.99
000598.SZ,0.01,0.27,0.17,0.58,0.27,1.8
000599.SZ,-0.09,0.42,-0.01,1.09,0.42,1.96
000600.SZ,-0.08,0.41,-0.01,1.05,0.41,1.95
000603.SZ,-0.03,0.49,0.19,1.35,0.49,1.98
000605.SZ,-0.12,0.48,-0.03,1.3,0.48,1.98
000607.SZ,-0.13,0.47,-0.07,1.27,0.47,1.97
000609.SZ,-0.19,0.54,-0.11,1.35,0.49,1.98
000610.SZ,-0.01,0.51,0.22,1.25,0.46,1.99
000612.SZ,-0.01,0.47,0.22,1.28,0.47,1.99
000615.SZ,-0.14,0.59,0.03,1.35,0.49,1.98
000617.SZ,-0.01,0.41,0.18,1.05,0.41,1.97
000619.SZ,-0.12,0.39,-0.13,0.96,0.39,1.9
000620.SZ,-0.18,0.54,-0.11,1.35,0.49,1.98
000623.SZ,-0.02,0.29,0.07,0.63,0.29,1.82
000625.SZ,0.07,0.46,0.38,1.19,0.44,2.01
000626.SZ,-0.16,0.46,-0.15,1.23,0.46,1.97
000627.SZ,-0.11,0.4,-0.08,0.98,0.4,1.92
000629.SZ,-0.07,0.42,0.03,1.08,0.42,1.95
000631.SZ,-0.08,0.39,-0.01,0.94,0.39,1.91
000632.SZ,-0.12,0.44,-0.08,1.15,0.44,1.96
000635.SZ,-0.06,0.49,0.13,1.31,0.48,1.98
000636.SZ,0.04,0.49,0.32,1.23,0.45,2
000637.SZ,-0.09,0.42,0,1.07,0.42,1.95
000638.SZ,-0.14,0.54,0,1.35,0.49,1.98
000639.SZ,-0.12,0.43,-0.08,1.12,0.43,1.95
000651.SZ,0.16,0.31,0.62,0.81,0.31,2.04
000652.SZ,-0.08,0.43,0.02,1.13,0.43,1.97
000661.SZ,0.06,0.44,0.36,1.19,0.44,2.01
000663.SZ,-0.13,0.47,-0.06,1.28,0.47,1.97
000669.SZ,-0.25,0.44,-0.45,1.09,0.44,1.91
000670.SZ,-0.09,1.71,0.22,1.33,0.48,1.99
000678.SZ,-0.07,0.49,0.09,1.33,0.49,1.98
000680.SZ,0.01,0.43,0.23,1.14,0.43,2
000681.SZ,-0.09,0.53,0.08,1.34,0.49,1.98
000682.SZ,0.07,0.4,0.38,1.05,0.4,2.01
000683.SZ,0.03,0.44,0.28,1.17,0.44,2
000685.SZ,-0.04,0.27,-0.02,0.51,0.27,1.68
000686.SZ,-0.06,0.36,0.02,0.87,0.36,1.91
000690.SZ,-0.08,0.37,-0.04,0.87,0.37,1.88
000691.SZ,-0.07,0.5,0.1,1.27,0.47,1.98
000692.SZ,-0.11,0.42,-0.06,1.08,0.42,1.94
000695.SZ,-0.08,0.46,0.06,1.24,0.46,1.98
000698.SZ,-0.1,0.45,-0.01,1.21,0.45,1.97
000700.SZ,-0.02,0.46,0.19,1.24,0.46,1.99
000701.SZ,-0.15,0.49,-0.1,1.33,0.49,1.98
000702.SZ,-0.04,0.47,0.14,1.27,0.47,1.98
000703.SZ,0.02,0.39,0.25,1.02,0.39,2
000705.SZ,-0.06,0.39,0.03,0.98,0.39,1.93
000710.SZ,-0.11,0.54,0.06,1.33,0.49,1.98
000713.SZ,-0.01,0.46,0.2,1.24,0.46,1.99
000715.SZ,-0.04,0.46,0.14,1.23,0.46,1.99
000716.SZ,-0.07,0.47,0.07,1.28,0.47,1.98
000717.SZ,-0.09,0.43,0,1.11,0.43,1.96
000718.SZ,-0.13,0.4,-0.16,0.97,0.4,1.91
000719.SZ,-0.02,0.38,0.14,0.97,0.38,1.96
000721.SZ,-0.02,0.52,0.22,1.26,0.46,1.99
000722.SZ,-0.08,0.47,0.06,1.25,0.46,1.98
000723.SZ,-0.06,0.48,0.12,1.29,0.47,1.98
000725.SZ,0.02,0.36,0.24,0.89,0.36,1.96
000726.SZ,-0.07,0.27,-0.12,0.46,0.27,1.53
000727.SZ,-0.1,0.42,-0.06,1.06,0.42,1.94
000728.SZ,-0.03,0.38,0.1,0.96,0.38,1.96
000729.SZ,0.02,0.34,0.23,0.82,0.34,1.94
000731.SZ,-0.02,0.4,0.14,1.01,0.4,1.97
000733.SZ,0.07,0.48,0.38,1.22,0.45,2.01
000735.SZ,-0.05,0.43,0.1,1.11,0.42,1.97
000736.SZ,0.05,0.54,0.35,1.23,0.45,2.01
000737.SZ,0.04,0.45,0.31,1.23,0.45,2
000738.SZ,-0.04,0.43,0.11,1.14,0.43,1.98
000739.SZ,0.09,0.42,0.41,1.14,0.42,2.03
000750.SZ,-0.05,0.38,0.05,0.93,0.38,1.93
000751.SZ,-0.1,0.41,-0.07,1.02,0.41,1.92
000752.SZ,-0.13,0.45,-0.07,1.19,0.45,1.97
000755.SZ,-0.1,0.43,-0.02,1.13,0.43,1.96
000757.SZ,-0.14,0.43,-0.14,1.09,0.43,1.94
000758.SZ,-0.08,0.43,0.01,1.1,0.43,1.95
000759.SZ,-0.1,0.42,-0.05,1.07,0.42,1.96
000762.SZ,0.02,0.54,0.31,1.27,0.47,1.99
000767.SZ,-0.12,0.39,-0.12,0.93,0.39,1.88
000768.SZ,-0.03,0.42,0.15,1.1,0.42,1.98
000776.SZ,0.02,0.35,0.22,0.87,0.35,1.97
000777.SZ,-0.06,0.43,0.06,1.11,0.43,1.97
000779.SZ,-0.07,0.45,0.06,1.21,0.45,1.98
000783.SZ,-0.04,0.35,0.06,0.84,0.35,1.92
000785.SZ,-0.15,0.41,-0.2,1.01,0.41,1.92
000788.SZ,-0.11,0.42,-0.07,1.07,0.42,1.94
000789.SZ,0,0.4,0.21,1.03,0.4,1.97
000791.SZ,-0.05,0.45,0.12,1.19,0.45,1.98
000792.SZ,0.02,1.11,0.26,1.31,0.48,1.99
000796.SZ,-0.19,0.49,-0.19,1.34,0.49,1.98
000797.SZ,-0.11,0.46,-0.03,1.21,0.46,1.97
000798.SZ,-0.09,0.51,0.08,1.35,0.49,1.98
000800.SZ,-0.1,0.39,-0.07,0.93,0.38,1.91
000801.SZ,-0.02,0.46,0.18,1.23,0.46,1.99
000802.SZ,-0.16,0.48,-0.13,1.29,0.48,1.97
000803.SZ,-0.11,0.45,-0.04,1.19,0.45,1.97
000807.SZ,0.1,0.52,0.45,1.22,0.44,2.02
000809.SZ,-0.1,0.4,-0.06,0.99,0.4,1.92
000810.SZ,-0.07,0.53,0.13,1.29,0.47,1.98
000811.SZ,0,0.45,0.23,1.21,0.45,2
000815.SZ,-0.1,0.53,0.06,1.35,0.49,1.98
000816.SZ,-0.15,0.47,-0.1,1.26,0.47,1.97
000819.SZ,-0.04,0.5,0.15,1.26,0.46,1.99
000821.SZ,-0.05,0.5,0.16,1.29,0.47,1.98
000822.SZ,-0.03,0.45,0.15,1.22,0.45,1.98
000823.SZ,-0.02,0.43,0.17,1.14,0.43,1.98
000825.SZ,-0.02,0.38,0.13,0.97,0.38,1.96
000826.SZ,-0.25,0.42,-0.48,1.04,0.42,1.89
000828.SZ,-0.01,0.36,0.15,0.86,0.36,1.92
000829.SZ,-0.01,0.52,0.24,1.28,0.47,1.99
000830.SZ,0.07,0.44,0.37,1.18,0.44,2.01
000831.SZ,0.01,0.5,0.27,1.26,0.46,1.99
000833.SZ,-0.08,0.42,0,1.07,0.42,1.95
000837.SZ,-0.1,0.46,0.01,1.23,0.46,1.97
000838.SZ,-0.1,0.53,0.05,1.35,0.49,1.98
000848.SZ,-0.01,0.37,0.15,0.9,0.37,1.93
000852.SZ,-0.1,0.46,0,1.22,0.46,1.97
000856.SZ,-0.08,0.51,0.09,1.35,0.49,1.98
000859.SZ,-0.04,0.46,0.15,1.24,0.46,1.99
000860.SZ,0.02,0.45,0.26,1.2,0.44,2
000862.SZ,-0.08,0.48,0.06,1.3,0.48,1.98
000863.SZ,-0.13,0.45,-0.08,1.18,0.45,1.97
000868.SZ,-0.03,0.53,0.21,1.28,0.47,1.99
000869.SZ,-0.04,0.33,0.03,0.74,0.33,1.84
000875.SZ,-0.08,0.39,-0.02,0.96,0.39,1.91
000877.SZ,-0.07,0.44,0.06,1.17,0.44,1.98
000880.SZ,-0.02,0.43,0.18,1.14,0.43,1.99
000883.SZ,-0.03,0.3,0.03,0.61,0.3,1.77
000885.SZ,0,0.44,0.22,1.18,0.44,1.99
000886.SZ,-0.02,0.41,0.15,1.07,0.41,1.97
000888.SZ,0.01,0.36,0.21,0.92,0.36,1.97
000889.SZ,-0.17,0.48,-0.15,1.3,0.48,1.97
000893.SZ,0.02,0.47,0.28,1.26,0.46,1.99
000895.SZ,0.09,0.32,0.43,0.76,0.32,1.95
000897.SZ,-0.12,0.43,-0.07,1.13,0.43,1.96
000898.SZ,-0.07,0.36,-0.02,0.84,0.36,1.88
000899.SZ,-0.02,0.43,0.16,1.15,0.43,1.98
000900.SZ,-0.02,0.26,0.05,0.49,0.26,1.66
000902.SZ,0.01,0.37,0.21,0.92,0.37,1.95
000903.SZ,-0.08,0.43,0.03,1.12,0.43,1.96
000905.SZ,-0.09,0.39,-0.04,0.97,0.39,1.92
000906.SZ,-0.04,0.4,0.1,1.02,0.4,1.95
000908.SZ,-0.13,0.49,-0.05,1.34,0.49,1.98
000909.SZ,-0.14,0.49,-0.07,1.33,0.49,1.98
000910.SZ,-0.08,0.41,-0.01,1.02,0.41,1.93
000911.SZ,-0.11,0.46,-0.03,1.23,0.46,1.97
000912.SZ,-0.05,0.43,0.09,1.11,0.43,1.96
000913.SZ,0.09,0.49,0.41,1.21,0.44,2.01
000915.SZ,0.03,0.42,0.27,1.13,0.42,1.99
000919.SZ,-0.1,0.36,-0.1,0.83,0.36,1.87
000920.SZ,-0.09,0.44,0.01,1.15,0.44,1.97
000921.SZ,0.16,0.45,0.55,1.18,0.43,2.03
000922.SZ,-0.03,0.46,0.17,1.25,0.46,1.98
000923.SZ,-0.04,0.5,0.18,1.32,0.48,1.98
000925.SZ,-0.09,0.44,0,1.16,0.44,1.96
000926.SZ,-0.12,0.35,-0.2,0.78,0.35,1.81
000927.SZ,-0.11,0.42,-0.06,1.09,0.42,1.95
000928.SZ,-0.04,0.48,0.16,1.29,0.48,1.98
000929.SZ,-0.1,0.46,-0.01,1.21,0.46,1.97
000930.SZ,-0.14,0.41,-0.17,0.99,0.4,1.9
000931.SZ,-0.09,0.41,-0.04,1.01,0.41,1.93
000932.SZ,0.07,0.41,0.37,1.11,0.41,2.01
000933.SZ,0.15,0.52,0.53,1.19,0.43,2.04
000935.SZ,0.11,0.47,0.45,1.19,0.43,2.02
000936.SZ,-0.08,0.51,0.1,1.31,0.48,1.98
000937.SZ,0.05,0.41,0.32,1.08,0.41,2.01
000938.SZ,0,0.47,0.23,1.24,0.45,1.99
000948.SZ,0,0.53,0.26,1.25,0.46,2
000949.SZ,-0.08,0.42,0.02,1.09,0.42,1.96
000950.SZ,-0.05,0.36,0.05,0.86,0.36,1.88
000951.SZ,0.1,0.44,0.44,1.16,0.42,2.03
000953.SZ,-0.12,0.52,0.01,1.31,0.48,1.98
000955.SZ,-0.08,0.5,0.09,1.35,0.49,1.98
000957.SZ,0,0.53,0.27,1.24,0.45,2
000958.SZ,-0.14,0.43,-0.12,1.11,0.43,1.95
000960.SZ,0,0.45,0.22,1.21,0.45,1.99
000962.SZ,-0.02,0.47,0.19,1.26,0.47,1.99
000963.SZ,0.06,0.4,0.34,1.05,0.4,2.01
000965.SZ,-0.08,0.45,0.03,1.19,0.45,1.97
000966.SZ,-0.05,0.43,0.1,1.11,0.42,1.97
000967.SZ,-0.06,0.36,0.01,0.82,0.36,1.86
000968.SZ,-0.02,0.42,0.15,1.09,0.42,1.97
000969.SZ,-0.04,0.44,0.13,1.15,0.43,1.98
000970.SZ,-0.06,0.44,0.09,1.15,0.44,1.98
000973.SZ,-0.08,0.42,0,1.08,0.42,1.95
000975.SZ,0.12,0.45,0.49,1.21,0.44,2.01
000977.SZ,0.06,0.51,0.36,1.26,0.46,2
000978.SZ,-0.07,0.4,0.01,1.02,0.4,1.95
000980.SZ,-0.16,0.53,-0.07,1.35,0.49,1.98
000981.SZ,-0.15,0.42,-0.17,1.07,0.42,1.94
000983.SZ,0.1,0.45,0.43,1.17,0.43,2.02
000985.SZ,-0.05,0.47,0.12,1.27,0.47,1.98
000988.SZ,0.08,0.46,0.4,1.21,0.44,2.01
000989.SZ,-0.11,0.38,-0.1,0.92,0.38,1.9
000993.SZ,-0.06,0.51,0.14,1.3,0.48,1.98
000995.SZ,-0.02,1.16,0.24,1.34,0.49,1.98
000997.SZ,-0.04,0.41,0.11,1.04,0.41,1.96
000998.SZ,-0.1,0.4,-0.07,1,0.4,1.93
000999.SZ,0.09,0.36,0.42,0.94,0.36,2.01
001914.SZ,-0.02,0.45,0.19,1.22,0.45,1.99
002001.SZ,0.17,0.39,0.6,1.06,0.39,2.06
002004.SZ,-0.08,0.33,-0.08,0.73,0.33,1.81
002005.SZ,-0.2,0.39,-0.39,0.9,0.39,1.84
002006.SZ,0.04,0.49,0.32,1.22,0.45,2
002007.SZ,0.01,0.38,0.22,0.98,0.38,1.97
002008.SZ,-0.01,0.43,0.2,1.14,0.43,1.98
002009.SZ,-0.05,0.5,0.14,1.3,0.48,1.98
002010.SZ,-0.16,0.38,-0.26,0.85,0.37,1.83
002011.SZ,-0.03,0.48,0.17,1.29,0.47,1.99
002012.SZ,-0.07,0.46,0.07,1.25,0.46,1.98
002016.SZ,-0.03,0.45,0.17,1.23,0.45,1.99
002017.SZ,-0.01,0.51,0.23,1.26,0.46,1.99
002019.SZ,-0.01,0.44,0.19,1.18,0.44,1.99
002020.SZ,0.03,0.37,0.25,0.96,0.37,1.99
002021.SZ,-0.18,0.45,-0.2,1.19,0.45,1.96
002022.SZ,-0.16,0.43,-0.18,1.1,0.43,1.94
002023.SZ,-0.08,0.46,0.04,1.22,0.46,1.98
002024.SZ,-0.25,0.35,-0.65,0.65,0.35,1.62
002025.SZ,0.06,0.42,0.35,1.14,0.42,2.02
002028.SZ,0.22,0.43,0.68,1.11,0.39,2.09
002029.SZ,-0.09,0.32,-0.14,0.66,0.32,1.75
002031.SZ,-0.04,0.44,0.11,1.16,0.44,1.98
002032.SZ,0.16,0.35,0.61,0.92,0.35,2.07
002033.SZ,-0.01,0.36,0.14,0.89,0.36,1.95
002034.SZ,-0.02,0.42,0.15,1.11,0.42,1.98
002035.SZ,0.04,0.42,0.31,1.11,0.42,2
002036.SZ,-0.03,0.55,0.22,1.27,0.47,1.99
002037.SZ,-0.15,0.47,-0.12,1.26,0.47,1.97
002038.SZ,-0.13,0.39,-0.17,0.9,0.38,1.86
002039.SZ,0.05,0.31,0.3,0.7,0.31,1.88
002041.SZ,-0.08,0.46,0.05,1.24,0.46,1.98
002042.SZ,-0.06,0.4,0.04,1.02,0.4,1.95
002044.SZ,-0.13,0.39,-0.14,0.96,0.39,1.9
002046.SZ,-0.01,0.48,0.22,1.26,0.46,1.99
002048.SZ,0,0.4,0.19,1.04,0.4,1.99
002049.SZ,0.1,0.5,0.44,1.2,0.44,2.02
002050.SZ,0.19,0.45,0.6,1.14,0.41,2.06
002051.SZ,-0.07,0.38,0.01,0.93,0.38,1.91
002053.SZ,-0.01,0.41,0.17,1.06,0.41,1.97
002054.SZ,-0.08,0.46,0.05,1.24,0.46,1.98
002055.SZ,-0.16,0.5,-0.09,1.35,0.49,1.98
002056.SZ,0.11,0.48,0.46,1.19,0.43,2.03
002058.SZ,-0.08,0.51,0.08,1.28,0.47,1.98
002059.SZ,-0.09,0.44,0,1.16,0.44,1.97
002060.SZ,-0.04,0.4,0.09,1,0.4,1.95
002061.SZ,-0.06,0.38,0.03,0.93,0.38,1.93
002062.SZ,-0.06,0.41,0.06,1.05,0.41,1.96
002063.SZ,-0.02,0.45,0.18,1.22,0.45,1.99
002064.SZ,0,0.37,0.2,0.92,0.37,1.95
002065.SZ,-0.08,0.39,-0.01,0.97,0.39,1.93
002066.SZ,-0.12,0.46,-0.04,1.23,0.46,1.97
002067.SZ,-0.09,0.38,-0.06,0.9,0.38,1.9
002068.SZ,-0.02,0.5,0.22,1.3,0.48,1.98
002073.SZ,-0.09,0.43,0.01,1.14,0.43,1.97
002074.SZ,-0.02,0.5,0.2,1.29,0.47,1.99
002077.SZ,-0.01,0.56,0.25,1.24,0.45,2
002078.SZ,0.1,0.38,0.44,0.99,0.38,2.01
002081.SZ,-0.12,0.36,-0.18,0.83,0.36,1.85
002082.SZ,-0.11,0.43,-0.05,1.11,0.43,1.95
002083.SZ,-0.02,0.33,0.1,0.77,0.33,1.88
002084.SZ,-0.14,0.48,-0.08,1.31,0.48,1.98
002085.SZ,0.07,0.43,0.38,1.16,0.43,2.01
002086.SZ,-0.18,0.45,-0.22,1.17,0.45,1.95
002088.SZ,0.09,0.41,0.42,1.12,0.41,2.02
002093.SZ,-0.09,0.47,0.03,1.26,0.47,1.98
002094.SZ,-0.1,0.47,0,1.25,0.47,1.97
002095.SZ,-0.15,0.51,-0.06,1.35,0.49,1.98
002096.SZ,-0.06,0.47,0.1,1.28,0.47,1.98
002098.SZ,-0.06,0.49,0.12,1.33,0.49,1.98
002099.SZ,-0.07,0.4,0.02,1.01,0.4,1.95
002100.SZ,-0.05,0.44,0.11,1.16,0.44,1.98
002101.SZ,-0.02,0.47,0.2,1.24,0.46,1.99
002103.SZ,-0.1,0.53,0.06,1.34,0.49,1.98
002104.SZ,-0.11,0.48,-0.01,1.3,0.48,1.98
002105.SZ,-0.07,0.49,0.1,1.31,0.48,1.98
002107.SZ,-0.12,0.42,-0.09,1.08,0.42,1.94
002108.SZ,-0.06,0.47,0.1,1.27,0.47,1.98
002114.SZ,-0.11,0.49,-0.01,1.33,0.49,1.98
002116.SZ,-0.07,0.45,0.05,1.19,0.45,1.97
002117.SZ,-0.11,0.44,-0.05,1.15,0.44,1.96
002119.SZ,-0.01,0.51,0.24,1.23,0.45,2
002120.SZ,0.02,0.45,0.27,1.22,0.45,1.99
002121.SZ,-0.1,0.47,0.01,1.27,0.47,1.98
002122.SZ,-0.15,0.46,-0.12,1.21,0.46,1.96
002123.SZ,-0.07,0.51,0.11,1.28,0.47,1.98
002124.SZ,-0.07,0.48,0.1,1.32,0.48,1.98
002125.SZ,0.02,0.52,0.3,1.25,0.46,2
002126.SZ,0.1,0.44,0.44,1.17,0.43,2.02
002128.SZ,0.07,0.4,0.38,1.06,0.4,2.01
002129.SZ,-0.05,0.48,0.14,1.26,0.47,1.99
002130.SZ,0.08,0.45,0.39,1.19,0.44,2.01
002131.SZ,-0.14,0.43,-0.13,1.1,0.43,1.95
002132.SZ,-0.07,0.42,0.02,1.06,0.42,1.95
002133.SZ,-0.12,0.4,-0.12,1,0.4,1.92
002134.SZ,0.02,0.5,0.28,1.25,0.46,1.99
002135.SZ,-0.1,0.43,-0.04,1.13,0.43,1.96
002136.SZ,-0.03,0.48,0.18,1.26,0.46,1.99
002138.SZ,0.1,0.41,0.43,1.13,0.41,2.02
002139.SZ,0.06,0.48,0.37,1.22,0.45,2
002140.SZ,-0.09,0.46,0.01,1.22,0.46,1.98
002141.SZ,-0.18,0.54,-0.09,1.35,0.49,1.98
002142.SZ,0.15,0.34,0.58,0.91,0.34,2.08
002144.SZ,-0.1,0.37,-0.11,0.85,0.37,1.86
002145.SZ,0.01,0.45,0.25,1.23,0.45,1.99
002146.SZ,-0.16,0.44,-0.17,1.14,0.44,1.95
002148.SZ,-0.04,0.51,0.18,1.28,0.47,1.99
002149.SZ,0.03,0.49,0.3,1.22,0.45,2
002150.SZ,0.06,0.47,0.35,1.21,0.44,2.01
002152.SZ,-0.02,0.4,0.16,1.03,0.4,1.97
002153.SZ,-0.08,0.49,0.08,1.27,0.47,1.98
002154.SZ,-0.05,0.39,0.08,0.99,0.39,1.95
002155.SZ,0.06,0.42,0.36,1.13,0.42,1.99
002157.SZ,-0.08,0.5,0.08,1.35,0.49,1.98
002158.SZ,0.08,0.5,0.4,1.22,0.45,2.01
002159.SZ,-0.06,0.43,0.06,1.11,0.43,1.97
002160.SZ,-0.11,0.48,-0.01,1.29,0.48,1.98
002161.SZ,-0.15,0.52,-0.05,1.33,0.49,1.98
002162.SZ,-0.09,0.48,0.03,1.31,0.48,1.98
002163.SZ,-0.07,0.48,0.09,1.32,0.48,1.98
002164.SZ,-0.09,0.52,0.07,1.34,0.49,1.98
002165.SZ,-0.08,0.43,0.02,1.12,0.43,1.96
002167.SZ,-0.07,0.48,0.09,1.29,0.47,1.98
002168.SZ,-0.19,0.48,-0.19,1.3,0.48,1.97
002169.SZ,-0.05,0.51,0.15,1.27,0.47,1.99
002170.SZ,-0.08,0.45,0.04,1.19,0.45,1.97
002171.SZ,-0.03,0.44,0.15,1.16,0.44,1.98
002172.SZ,-0.14,0.5,-0.04,1.35,0.49,1.98
002173.SZ,-0.1,0.5,0.05,1.33,0.49,1.98
002175.SZ,-0.22,0.53,-0.21,1.35,0.49,1.98
002177.SZ,-0.12,0.54,0.04,1.35,0.49,1.98
002178.SZ,-0.1,0.54,0.07,1.33,0.49,1.98
002179.SZ,0.14,0.39,0.53,1.05,0.39,2.05
002180.SZ,0.01,0.45,0.25,1.23,0.45,1.99
002181.SZ,-0.12,0.48,-0.03,1.32,0.48,1.98
002182.SZ,0.1,0.49,0.44,1.2,0.44,2.02
002184.SZ,-0.09,0.54,0.09,1.34,0.49,1.98
002185.SZ,0.05,0.44,0.34,1.2,0.44,2
002186.SZ,-0.1,0.36,-0.1,0.83,0.36,1.85
002187.SZ,-0.13,0.39,-0.16,0.93,0.39,1.89
002188.SZ,-0.2,0.5,-0.2,1.35,0.49,1.98
002189.SZ,-0.01,0.51,0.23,1.25,0.46,1.99
002190.SZ,-0.12,0.44,-0.06,1.16,0.44,1.96
002192.SZ,0.07,0.59,0.41,1.22,0.44,2.02
002193.SZ,-0.13,0.48,-0.06,1.3,0.48,1.98
002194.SZ,-0.03,0.52,0.2,1.28,0.47,1.99
002195.SZ,-0.07,0.43,0.04,1.14,0.43,1.96
002196.SZ,-0.12,0.5,-0.01,1.35,0.49,1.98
002197.SZ,-0.17,0.51,-0.12,1.35,0.49,1.98
002198.SZ,-0.06,0.44,0.07,1.17,0.44,1.98
002200.SZ,-0.13,0.41,-0.15,1.02,0.41,1.93
002201.SZ,-0.03,0.52,0.2,1.27,0.47,1.99
002202.SZ,-0.01,0.41,0.17,1.08,0.41,1.99
002204.SZ,-0.02,0.41,0.17,1.07,0.41,1.98
002205.SZ,-0.09,0.52,0.08,1.32,0.48,1.98
002206.SZ,-0.01,0.4,0.18,1.02,0.4,1.96
002208.SZ,-0.05,0.49,0.14,1.28,0.47,1.98
002209.SZ,-0.08,0.46,0.04,1.23,0.46,1.98
002213.SZ,-0.04,0.52,0.19,1.25,0.46,1.99
002215.SZ,-0.07,0.4,0.03,1.01,0.4,1.94
002216.SZ,0,0.4,0.21,1.04,0.4,1.98
002218.SZ,-0.05,0.47,0.13,1.26,0.47,1.98
002221.SZ,-0.07,0.4,0.03,1,0.4,1.93
002222.SZ,0.12,0.48,0.47,1.16,0.42,2.04
002223.SZ,0.05,0.39,0.32,1.04,0.39,2.01
002225.SZ,-0.09,0.37,-0.06,0.91,0.37,1.92
002227.SZ,-0.13,0.5,-0.03,1.35,0.49,1.98
002229.SZ,-0.02,0.58,0.25,1.27,0.46,1.99
002230.SZ,0.08,0.46,0.39,1.21,0.44,2.01
002231.SZ,-0.11,0.53,0.05,1.32,0.48,1.98
002232.SZ,0.01,0.54,0.3,1.24,0.45,2
002233.SZ,-0.04,0.37,0.09,0.9,0.37,1.93
002234.SZ,-0.06,0.5,0.13,1.31,0.48,1.98
002236.SZ,0.02,0.44,0.25,1.18,0.44,1.99
002237.SZ,0,0.42,0.22,1.09,0.42,1.97
002241.SZ,0.05,0.49,0.35,1.18,0.43,2.02
002242.SZ,-0.08,0.4,0,0.99,0.4,1.93
002243.SZ,-0.07,0.51,0.12,1.27,0.47,1.99
002244.SZ,0.02,0.41,0.24,1.07,0.4,2
002245.SZ,0.01,0.51,0.27,1.27,0.47,1.99
002246.SZ,-0.03,0.47,0.17,1.26,0.46,1.99
002249.SZ,-0.09,0.42,-0.01,1.1,0.42,1.96
002250.SZ,-0.14,0.38,-0.22,0.88,0.38,1.86
002251.SZ,-0.19,0.43,-0.29,1.07,0.43,1.91
002252.SZ,-0.12,0.32,-0.26,0.63,0.32,1.7
002253.SZ,-0.07,0.5,0.11,1.31,0.48,1.98
002254.SZ,-0.04,0.36,0.08,0.86,0.36,1.9
002255.SZ,-0.1,0.44,-0.02,1.15,0.44,1.97
002256.SZ,-0.08,0.55,0.12,1.3,0.48,1.98
002258.SZ,0.01,0.44,0.24,1.18,0.44,2
002259.SZ,-0.15,0.4,-0.19,1,0.4,1.92
002261.SZ,0.02,0.55,0.3,1.24,0.45,2
002262.SZ,0.08,0.4,0.39,1.06,0.4,2.02
002264.SZ,-0.07,0.49,0.1,1.31,0.48,1.98
002265.SZ,-0.06,0.52,0.14,1.29,0.48,1.98
002266.SZ,-0.11,0.34,-0.18,0.73,0.34,1.78
002267.SZ,-0.05,0.3,-0.02,0.61,0.3,1.75
002268.SZ,-0.09,0.5,0.07,1.35,0.49,1.98
002269.SZ,-0.2,0.5,-0.19,1.35,0.49,1.98
002270.SZ,0.05,0.47,0.34,1.19,0.44,2.01
002271.SZ,0.07,0.45,0.37,1.2,0.44,2.01
002273.SZ,0.08,0.49,0.39,1.2,0.44,2.02
002274.SZ,0.02,0.45,0.27,1.22,0.45,1.99
002275.SZ,-0.01,0.33,0.12,0.76,0.33,1.89
002276.SZ,-0.14,0.45,-0.11,1.17,0.45,1.96
002277.SZ,-0.11,0.41,-0.08,1.05,0.41,1.94
002279.SZ,-0.09,0.52,0.08,1.32,0.48,1.98
002281.SZ,0.11,0.49,0.46,1.2,0.44,2.02
002282.SZ,-0.06,0.44,0.07,1.16,0.44,1.97
002283.SZ,-0.07,0.42,0.04,1.08,0.42,1.95
002284.SZ,-0.06,0.49,0.11,1.26,0.46,1.99
002285.SZ,-0.16,0.52,-0.09,1.35,0.49,1.98
002287.SZ,-0.02,0.43,0.17,1.15,0.43,1.99
002290.SZ,-0.08,0.47,0.05,1.27,0.47,1.98
002291.SZ,-0.09,0.56,0.1,1.3,0.48,1.98
002293.SZ,-0.06,0.33,-0.03,0.73,0.33,1.81
002294.SZ,0.05,0.35,0.31,0.9,0.35,1.98
002297.SZ,-0.09,0.47,0.04,1.29,0.47,1.98
002298.SZ,-0.14,0.45,-0.12,1.18,0.45,1.96
002299.SZ,-0.03,0.4,0.13,1.04,0.4,1.97
002300.SZ,-0.01,0.46,0.2,1.24,0.46,1.99
002302.SZ,-0.03,0.46,0.15,1.23,0.46,1.99
002303.SZ,-0.11,0.37,-0.13,0.87,0.37,1.87
002304.SZ,0.07,0.37,0.36,0.96,0.37,2
002305.SZ,-0.13,0.51,-0.02,1.35,0.49,1.98
002307.SZ,-0.11,0.48,-0.01,1.29,0.48,1.98
002309.SZ,-0.24,0.46,-0.36,1.19,0.46,1.94
002311.SZ,0.12,0.35,0.5,0.92,0.35,2.03
002312.SZ,-0.07,0.46,0.07,1.24,0.46,1.98
002314.SZ,-0.18,0.45,-0.22,1.17,0.45,1.95
002315.SZ,0.04,0.52,0.33,1.26,0.46,1.99
002317.SZ,0,0.47,0.23,1.25,0.46,1.99
002318.SZ,0.07,0.41,0.36,1.08,0.41,2
002319.SZ,-0.08,0.46,0.06,1.22,0.46,1.98
002321.SZ,-0.18,0.43,-0.24,1.1,0.43,1.92
002322.SZ,0.01,0.42,0.23,1.12,0.42,1.99
002323.SZ,-0.17,0.5,-0.13,1.35,0.49,1.98
002324.SZ,0.01,0.4,0.23,1.05,0.4,1.98
002326.SZ,-0.07,0.52,0.11,1.26,0.46,1.99
002327.SZ,0,0.33,0.15,0.77,0.33,1.88
002328.SZ,-0.03,0.44,0.15,1.18,0.44,1.98
002329.SZ,-0.17,0.5,-0.11,1.35,0.49,1.98
002330.SZ,-0.16,0.48,-0.12,1.31,0.48,1.97
002331.SZ,-0.09,0.5,0.06,1.32,0.48,1.98
002332.SZ,0.05,0.41,0.31,1.11,0.41,2.01
002333.SZ,-0.07,0.47,0.09,1.27,0.47,1.98
002334.SZ,-0.06,0.46,0.11,1.26,0.46,1.98
002335.SZ,0.03,0.53,0.32,1.22,0.45,2.01
002336.SZ,-0.17,0.53,-0.08,1.35,0.49,1.98
002337.SZ,-0.09,0.46,0.03,1.24,0.46,1.98
002338.SZ,0.02,0.52,0.29,1.22,0.45,2
002339.SZ,-0.11,0.48,0,1.3,0.48,1.98
002340.SZ,0.03,0.44,0.29,1.19,0.44,2
002342.SZ,-0.09,0.44,0,1.14,0.44,1.96
002344.SZ,-0.15,0.33,-0.34,0.65,0.33,1.68
002346.SZ,-0.07,0.53,0.12,1.27,0.47,1.99
002349.SZ,-0.04,0.47,0.14,1.28,0.47,1.98
002350.SZ,-0.06,0.49,0.11,1.32,0.48,1.98
002351.SZ,0.06,0.53,0.38,1.23,0.45,2.01
002352.SZ,0.13,0.4,0.51,1.08,0.4,2.04
002354.SZ,-0.21,0.53,-0.19,1.35,0.49,1.98
002355.SZ,-0.02,0.53,0.23,1.26,0.46,1.99
002356.SZ,-0.15,0.53,-0.04,1.35,0.49,1.98
002357.SZ,-0.09,0.44,0.02,1.16,0.44,1.96
002360.SZ,-0.1,0.43,-0.02,1.12,0.43,1.96
002361.SZ,-0.08,0.42,0.01,1.06,0.42,1.95
002362.SZ,-0.03,0.53,0.2,1.28,0.47,1.99
002363.SZ,-0.11,0.46,-0.01,1.23,0.46,1.97
002364.SZ,-0.12,0.46,-0.06,1.22,0.46,1.97
002365.SZ,-0.05,0.44,0.11,1.16,0.44,1.99
002366.SZ,-0.21,0.53,-0.19,1.35,0.49,1.98
002371.SZ,0.33,0.55,0.79,1.18,0.4,2.13
002372.SZ,0.1,0.39,0.44,1.05,0.39,2.04
002373.SZ,-0.06,0.46,0.08,1.22,0.46,1.98
002374.SZ,-0.14,0.49,-0.07,1.34,0.49,1.98
002375.SZ,-0.16,0.42,-0.21,1.04,0.42,1.92
002376.SZ,-0.06,0.39,0.03,0.98,0.39,1.94
002377.SZ,-0.15,0.49,-0.09,1.34,0.49,1.98
002378.SZ,-0.05,0.5,0.15,1.35,0.49,1.98
002379.SZ,0.01,0.41,0.22,1.06,0.41,1.98
002380.SZ,-0.03,0.48,0.17,1.27,0.47,1.99
002381.SZ,-0.05,0.38,0.06,0.95,0.38,1.94
002382.SZ,-0.08,0.43,0.02,1.14,0.43,1.97
002383.SZ,-0.07,0.48,0.09,1.32,0.48,1.98
002385.SZ,-0.07,0.43,0.05,1.12,0.43,1.96
002386.SZ,-0.02,0.44,0.18,1.18,0.44,1.99
002387.SZ,-0.07,0.46,0.07,1.23,0.46,1.98
002388.SZ,-0.11,0.55,0.06,1.32,0.48,1.98
002389.SZ,0.02,0.48,0.27,1.26,0.46,1.99
002390.SZ,-0.15,0.41,-0.17,1.02,0.41,1.91
002391.SZ,-0.07,0.33,-0.05,0.71,0.33,1.8
002392.SZ,-0.1,0.37,-0.09,0.89,0.37,1.9
002393.SZ,-0.05,0.34,0.03,0.77,0.34,1.86
002394.SZ,-0.04,0.3,0.02,0.63,0.3,1.78
002395.SZ,-0.01,0.53,0.24,1.26,0.46,1.99
002396.SZ,-0.04,0.44,0.13,1.16,0.44,1.98
002397.SZ,-0.15,0.44,-0.16,1.13,0.44,1.94
002398.SZ,-0.07,0.4,0.02,0.99,0.4,1.93
002402.SZ,0.04,0.49,0.32,1.22,0.45,2
002403.SZ,-0.07,0.43,0.04,1.11,0.43,1.96
002404.SZ,-0.03,0.39,0.13,1,0.39,1.96
002405.SZ,-0.06,0.49,0.12,1.33,0.49,1.98
002406.SZ,-0.04,0.41,0.1,1.06,0.41,1.97
002407.SZ,0.04,0.53,0.35,1.24,0.45,2
002408.SZ,0.02,0.41,0.25,1.08,0.41,1.98
002416.SZ,0.02,0.48,0.29,1.22,0.45,2
002419.SZ,-0.06,0.39,0.05,1,0.39,1.96
002420.SZ,-0.06,0.44,0.09,1.19,0.44,1.98
002421.SZ,-0.08,0.42,0.01,1.07,0.42,1.96
002422.SZ,0.08,0.36,0.38,0.91,0.36,2
002423.SZ,0.02,0.46,0.27,1.26,0.46,1.99
002424.SZ,-0.18,0.41,-0.29,0.98,0.41,1.88
002426.SZ,-0.13,0.45,-0.1,1.18,0.45,1.96
002427.SZ,-0.16,0.48,-0.13,1.3,0.48,1.98
002428.SZ,-0.02,0.51,0.22,1.23,0.45,2
002429.SZ,0.02,0.42,0.25,1.13,0.42,1.99
002430.SZ,0.1,0.47,0.44,1.18,0.43,2.02
002431.SZ,-0.17,0.44,-0.2,1.13,0.44,1.94
002432.SZ,0.09,0.54,0.43,1.21,0.44,2.02
002434.SZ,-0.01,0.41,0.17,1.07,0.41,1.97
002437.SZ,-0.16,0.42,-0.2,1.06,0.42,1.93
002439.SZ,-0.07,0.44,0.06,1.16,0.44,1.97
002440.SZ,-0.06,0.36,0,0.84,0.36,1.89
002441.SZ,-0.08,0.41,0.01,1.07,0.41,1.96
002442.SZ,-0.1,0.46,0.01,1.24,0.46,1.98
002443.SZ,-0.08,0.41,0.02,1.04,0.41,1.93
002444.SZ,0.06,0.44,0.36,1.18,0.43,2.01
002446.SZ,-0.1,0.48,0.02,1.32,0.48,1.98
002448.SZ,-0.06,0.39,0.04,0.98,0.39,1.94
002449.SZ,-0.03,0.44,0.14,1.16,0.44,1.98
002451.SZ,-0.08,0.54,0.11,1.33,0.49,1.98
002453.SZ,-0.06,0.5,0.13,1.27,0.47,1.99
002456.SZ,0.01,0.5,0.26,1.25,0.46,1.99
002457.SZ,0.03,0.47,0.29,1.26,0.46,1.99
002458.SZ,0.02,0.51,0.29,1.26,0.46,1.99
002459.SZ,0.06,0.51,0.36,1.19,0.43,2.02
002460.SZ,0.21,0.56,0.62,1.21,0.43,2.05
002461.SZ,0,0.39,0.2,0.98,0.39,1.96
002462.SZ,-0.12,0.35,-0.18,0.78,0.35,1.82
002463.SZ,0.24,0.5,0.68,1.15,0.4,2.1
002465.SZ,-0.04,0.36,0.07,0.88,0.36,1.92
002466.SZ,0.11,0.58,0.47,1.24,0.45,2.01
002467.SZ,-0.07,0.49,0.1,1.34,0.49,1.98
002468.SZ,-0.06,0.41,0.06,1.04,0.41,1.95
002469.SZ,-0.05,0.41,0.07,1.04,0.41,1.95
002470.SZ,-0.2,0.39,-0.37,0.9,0.39,1.82
002472.SZ,0.11,0.47,0.45,1.16,0.42,2.03
002475.SZ,0.25,0.44,0.72,1.12,0.4,2.1
002476.SZ,-0.12,0.47,-0.04,1.25,0.47,1.97
002478.SZ,-0.02,0.38,0.13,0.95,0.38,1.95
002479.SZ,-0.11,0.38,-0.11,0.89,0.38,1.88
002480.SZ,-0.11,0.45,-0.03,1.21,0.45,1.97
002482.SZ,-0.19,0.43,-0.29,1.05,0.42,1.91
002483.SZ,-0.06,0.42,0.06,1.08,0.42,1.96
002484.SZ,0.06,0.46,0.35,1.19,0.44,2.01
002485.SZ,-0.13,0.37,-0.21,0.83,0.37,1.84
002486.SZ,-0.13,0.47,-0.05,1.27,0.47,1.97
002487.SZ,0.07,0.52,0.39,1.21,0.44,2.02
002488.SZ,-0.05,0.51,0.15,1.28,0.47,1.99
002489.SZ,-0.11,0.42,-0.06,1.08,0.42,1.95
002490.SZ,-0.16,0.51,-0.1,1.35,0.49,1.98
002491.SZ,-0.13,0.44,-0.1,1.15,0.44,1.96
002492.SZ,-0.06,0.44,0.07,1.15,0.44,1.97
002493.SZ,0.14,0.4,0.54,1.09,0.4,2.05
002494.SZ,-0.15,0.51,-0.07,1.35,0.49,1.98
002495.SZ,-0.13,0.42,-0.12,1.05,0.42,1.93
002496.SZ,-0.11,0.48,0,1.29,0.48,1.98
002497.SZ,0.03,0.52,0.32,1.29,0.47,1.99
002498.SZ,-0.08,0.41,-0.01,1.04,0.41,1.94
002500.SZ,-0.08,0.37,-0.02,0.9,0.37,1.92
002501.SZ,-0.24,0.44,-0.4,1.1,0.44,1.92
002506.SZ,-0.2,0.46,-0.27,1.19,0.45,1.95
002507.SZ,0.1,0.39,0.44,1.02,0.39,2.02
002508.SZ,0.04,0.38,0.29,0.99,0.38,1.98
002510.SZ,-0.04,0.47,0.16,1.27,0.47,1.99
002511.SZ,0.08,0.4,0.39,1.08,0.4,2.02
002512.SZ,-0.1,0.5,0.03,1.35,0.49,1.98
002513.SZ,-0.14,0.48,-0.08,1.31,0.48,1.98
002516.SZ,-0.02,0.43,0.17,1.14,0.43,1.99
002517.SZ,-0.01,0.52,0.23,1.26,0.46,1.99
002518.SZ,0.03,0.53,0.32,1.22,0.45,2
002519.SZ,-0.09,0.44,0.02,1.16,0.44,1.97
002520.SZ,-0.14,0.46,-0.08,1.24,0.46,1.97
002521.SZ,0,0.35,0.17,0.82,0.35,1.91
002522.SZ,-0.16,0.44,-0.19,1.15,0.44,1.95
002523.SZ,-0.03,0.4,0.13,1.03,0.4,1.97
002524.SZ,-0.1,0.5,0.05,1.35,0.49,1.98
002526.SZ,-0.05,0.42,0.09,1.1,0.42,1.97
002529.SZ,-0.1,0.58,0.1,1.31,0.48,1.98
002531.SZ,0.02,0.46,0.28,1.24,0.45,2
002532.SZ,0.01,0.45,0.26,1.21,0.45,1.99
002533.SZ,0.05,0.4,0.32,1.06,0.4,2
002534.SZ,0.05,0.48,0.34,1.21,0.44,2.01
002535.SZ,-0.1,0.44,-0.01,1.18,0.44,1.97
002536.SZ,0.05,0.5,0.35,1.24,0.46,2
002538.SZ,-0.08,0.41,0,1.04,0.41,1.94
002539.SZ,-0.02,0.43,0.16,1.15,0.43,1.99
002540.SZ,-0.03,0.38,0.1,0.93,0.38,1.93
002541.SZ,0.06,0.46,0.36,1.21,0.44,2.01
002542.SZ,-0.16,0.43,-0.19,1.09,0.43,1.94
002543.SZ,0.03,0.39,0.26,1.01,0.39,1.98
002544.SZ,-0.04,0.43,0.11,1.13,0.43,1.98
002546.SZ,-0.07,0.42,0.05,1.1,0.42,1.97
002547.SZ,-0.13,0.55,0.01,1.35,0.49,1.98
002548.SZ,-0.12,0.46,-0.04,1.24,0.46,1.97
002550.SZ,-0.01,0.39,0.17,0.98,0.39,1.97
002551.SZ,-0.19,0.46,-0.22,1.23,0.46,1.96
002552.SZ,-0.05,0.52,0.16,1.28,0.47,1.99
002554.SZ,-0.09,0.45,0.01,1.2,0.45,1.97
002555.SZ,0.01,0.49,0.26,1.26,0.46,1.99
002556.SZ,-0.09,0.42,-0.01,1.09,0.42,1.96
002559.SZ,-0.02,0.46,0.18,1.24,0.46,1.99
002560.SZ,-0.04,0.51,0.18,1.29,0.47,1.98
002561.SZ,-0.04,0.41,0.1,1.06,0.41,1.96
002562.SZ,-0.03,0.47,0.17,1.27,0.47,1.98
002563.SZ,-0.03,0.36,0.1,0.86,0.36,1.92
002564.SZ,-0.11,0.48,-0.01,1.3,0.48,1.98
002565.SZ,-0.1,0.52,0.05,1.35,0.49,1.98
002566.SZ,-0.1,0.39,-0.08,0.95,0.39,1.91
002567.SZ,-0.03,0.44,0.15,1.16,0.44,1.97
002568.SZ,-0.02,0.49,0.2,1.25,0.46,1.99
002569.SZ,-0.14,0.42,-0.13,1.08,0.42,1.94
002570.SZ,-0.16,0.43,-0.18,1.09,0.43,1.94
002572.SZ,0.01,0.41,0.22,1.09,0.41,1.98
002573.SZ,-0.15,0.36,-0.28,0.83,0.36,1.84
002576.SZ,-0.09,0.51,0.07,1.32,0.48,1.98
002578.SZ,-0.06,0.42,0.07,1.09,0.42,1.96
002579.SZ,-0.02,0.49,0.2,1.26,0.46,1.99
002580.SZ,-0.04,0.48,0.16,1.25,0.46,1.99
002581.SZ,-0.14,0.55,0,1.35,0.49,1.98
002582.SZ,-0.05,0.41,0.09,1.04,0.41,1.96
002583.SZ,0.04,0.45,0.31,1.23,0.45,1.99
002584.SZ,-0.08,0.56,0.13,1.31,0.48,1.98
002585.SZ,-0.06,0.46,0.1,1.24,0.46,1.98
002587.SZ,-0.02,0.49,0.19,1.27,0.47,1.99
002588.SZ,-0.05,0.37,0.04,0.87,0.37,1.89
002590.SZ,0.01,0.51,0.28,1.24,0.46,2
002591.SZ,-0.1,0.51,0.04,1.35,0.49,1.98
002592.SZ,-0.27,0.5,-0.37,1.35,0.49,1.98
002593.SZ,-0.1,0.43,-0.03,1.13,0.43,1.96
002594.SZ,0.21,0.43,0.65,1.12,0.4,2.08
002595.SZ,0.11,0.33,0.47,0.85,0.33,2.03
002596.SZ,-0.14,0.5,-0.05,1.35,0.49,1.98
002597.SZ,0.11,0.43,0.46,1.17,0.43,2.02
002598.SZ,-0.03,0.45,0.15,1.19,0.45,1.98
002599.SZ,-0.03,0.51,0.2,1.28,0.47,1.99
002600.SZ,0.09,0.52,0.42,1.21,0.44,2.02
002601.SZ,0.13,0.44,0.5,1.16,0.42,2.04
002603.SZ,0.05,0.44,0.32,1.18,0.44,2
002606.SZ,0.04,0.49,0.33,1.2,0.44,2.01
002607.SZ,-0.07,0.55,0.15,1.28,0.47,1.99
002609.SZ,-0.09,0.46,0.03,1.24,0.46,1.98
002611.SZ,-0.04,0.47,0.15,1.27,0.47,1.98
002612.SZ,-0.02,0.51,0.22,1.27,0.47,1.99
002613.SZ,-0.05,0.49,0.14,1.31,0.48,1.98
002614.SZ,-0.08,0.46,0.04,1.24,0.46,1.98
002615.SZ,0.01,0.47,0.26,1.22,0.45,2
002616.SZ,-0.12,0.43,-0.08,1.1,0.43,1.95
002617.SZ,0,0.51,0.25,1.27,0.47,1.99
002620.SZ,-0.16,0.5,-0.09,1.35,0.49,1.98
002623.SZ,-0.08,0.52,0.1,1.31,0.48,1.98
002625.SZ,0,0.51,0.25,1.26,0.46,1.99
002626.SZ,0.03,0.48,0.3,1.24,0.46,2
002627.SZ,-0.05,0.36,0.03,0.87,0.36,1.92
002628.SZ,-0.06,0.41,0.05,1.05,0.41,1.95
002630.SZ,-0.1,0.47,0,1.25,0.47,1.98
002631.SZ,-0.16,0.47,-0.12,1.27,0.47,1.97
002632.SZ,0,0.45,0.22,1.21,0.45,1.98
002633.SZ,-0.12,0.44,-0.06,1.15,0.44,1.96
002634.SZ,-0.08,0.51,0.09,1.34,0.49,1.98
002635.SZ,0.03,0.48,0.3,1.27,0.46,1.99
002637.SZ,-0.01,0.43,0.2,1.15,0.43,1.99
002638.SZ,-0.14,0.45,-0.09,1.21,0.45,1.97
002639.SZ,-0.08,0.47,0.05,1.29,0.47,1.98
002640.SZ,-0.14,0.54,-0.02,1.35,0.49,1.98
002641.SZ,-0.05,0.41,0.06,1.03,0.41,1.95
002642.SZ,-0.16,0.53,-0.06,1.35,0.49,1.98
002644.SZ,-0.11,0.41,-0.09,1.03,0.41,1.93
002645.SZ,-0.05,0.53,0.18,1.27,0.47,1.99
002646.SZ,-0.1,0.42,-0.03,1.08,0.42,1.95
002648.SZ,0.18,0.47,0.59,1.15,0.41,2.07
002649.SZ,-0.05,0.46,0.11,1.23,0.46,1.98
002650.SZ,-0.12,0.42,-0.09,1.07,0.42,1.93
002653.SZ,0.06,0.44,0.34,1.15,0.42,2.02
002656.SZ,-0.22,0.49,-0.26,1.34,0.49,1.98
002657.SZ,-0.18,0.52,-0.12,1.35,0.49,1.98
002658.SZ,-0.13,0.45,-0.09,1.19,0.45,1.96
002659.SZ,-0.15,0.46,-0.12,1.24,0.46,1.97
002660.SZ,-0.04,0.5,0.16,1.28,0.47,1.99
002661.SZ,-0.03,0.37,0.09,0.89,0.37,1.91
002662.SZ,-0.08,0.5,0.08,1.32,0.48,1.98
002663.SZ,-0.19,0.41,-0.31,0.96,0.4,1.86
002664.SZ,-0.09,0.46,0.03,1.24,0.46,1.98
002666.SZ,-0.11,0.43,-0.06,1.11,0.43,1.96
002669.SZ,-0.11,0.48,0.01,1.29,0.48,1.98
002672.SZ,-0.15,0.35,-0.3,0.74,0.35,1.77
002673.SZ,-0.09,0.38,-0.05,0.95,0.38,1.93
002674.SZ,-0.05,0.45,0.1,1.19,0.45,1.98
002675.SZ,-0.02,0.42,0.17,1.12,0.42,1.99
002676.SZ,-0.03,0.51,0.2,1.3,0.48,1.98
002678.SZ,-0.13,0.39,-0.16,0.92,0.39,1.87
002679.SZ,-0.06,0.53,0.15,1.29,0.47,1.98
002681.SZ,-0.11,0.5,0.02,1.35,0.49,1.98
002682.SZ,-0.11,0.48,0,1.32,0.48,1.98
002685.SZ,-0.08,0.48,0.07,1.3,0.48,1.98
002687.SZ,-0.04,0.43,0.11,1.14,0.43,1.97
002688.SZ,-0.04,0.41,0.12,1.06,0.41,1.96
002689.SZ,-0.13,0.51,-0.03,1.35,0.49,1.98
002690.SZ,-0.03,0.4,0.14,1.05,0.4,1.97
002691.SZ,-0.09,0.49,0.05,1.3,0.48,1.98
002692.SZ,-0.08,0.44,0.03,1.14,0.44,1.96
002693.SZ,0.08,0.52,0.4,1.23,0.45,2.01
002694.SZ,-0.09,0.48,0.04,1.31,0.48,1.98
002695.SZ,-0.03,0.45,0.16,1.2,0.45,1.99
002696.SZ,-0.07,0.45,0.06,1.2,0.45,1.98
002697.SZ,-0.04,0.37,0.06,0.88,0.37,1.89
002698.SZ,-0.03,0.4,0.13,1.03,0.4,1.96
002700.SZ,-0.06,0.42,0.05,1.08,0.42,1.97
002701.SZ,-0.08,0.32,-0.09,0.68,0.32,1.79
002705.SZ,0.06,0.43,0.35,1.18,0.43,2.01
002706.SZ,0,0.44,0.22,1.18,0.44,1.99
002707.SZ,-0.1,0.49,0.04,1.32,0.48,1.98
002708.SZ,-0.04,0.56,0.21,1.28,0.47,1.99
002709.SZ,0.22,0.55,0.64,1.19,0.42,2.07
002712.SZ,-0.1,0.5,0.03,1.35,0.49,1.98
002713.SZ,-0.16,0.53,-0.07,1.35,0.49,1.98
002714.SZ,0.23,0.45,0.69,1.16,0.41,2.06
002715.SZ,-0.09,0.48,0.05,1.29,0.47,1.98
002717.SZ,-0.11,0.52,0.03,1.34,0.49,1.98
002718.SZ,-0.1,0.44,-0.03,1.15,0.44,1.96
002722.SZ,-0.05,0.46,0.12,1.25,0.46,1.98
002723.SZ,-0.09,0.54,0.09,1.35,0.49,1.98
002724.SZ,-0.1,0.46,0,1.23,0.46,1.98
002725.SZ,-0.03,0.54,0.21,1.26,0.46,1.99
002726.SZ,0.01,0.41,0.23,1.07,0.41,1.98
002727.SZ,-0.08,0.43,0.03,1.11,0.43,1.96
002728.SZ,-0.04,0.46,0.15,1.23,0.46,1.99
002729.SZ,-0.08,0.47,0.06,1.29,0.47,1.98
002731.SZ,-0.09,0.47,0.04,1.28,0.47,1.98
002732.SZ,-0.06,0.4,0.03,1,0.4,1.95
002733.SZ,-0.04,0.51,0.19,1.27,0.47,1.99
002734.SZ,-0.07,0.39,0.02,0.96,0.39,1.93
002735.SZ,-0.02,0.48,0.19,1.3,0.48,1.98
002736.SZ,-0.04,0.33,0.05,0.78,0.33,1.89
002737.SZ,0.01,0.38,0.21,0.97,0.38,1.96
002738.SZ,0.12,0.53,0.48,1.24,0.45,2.01
002739.SZ,-0.18,0.39,-0.31,0.91,0.39,1.85
002741.SZ,-0.02,0.49,0.21,1.25,0.46,1.99
002742.SZ,-0.12,0.46,-0.04,1.22,0.46,1.97
002743.SZ,-0.13,0.43,-0.11,1.12,0.43,1.95
002745.SZ,-0.08,0.42,0.01,1.08,0.42,1.96
002746.SZ,-0.03,0.45,0.15,1.21,0.45,1.99
002747.SZ,0.05,0.53,0.36,1.23,0.45,2.01
002748.SZ,-0.1,0.51,0.05,1.35,0.49,1.98
002749.SZ,0.01,0.4,0.22,1.04,0.4,1.99
002750.SZ,-0.21,0.57,-0.13,1.35,0.49,1.98
002752.SZ,-0.13,0.41,-0.14,1.02,0.41,1.92
002753.SZ,-0.06,0.45,0.09,1.2,0.45,1.98
002755.SZ,-0.05,0.5,0.15,1.3,0.48,1.98
002756.SZ,0.1,0.5,0.44,1.23,0.45,2.01
002757.SZ,0,0.45,0.22,1.22,0.45,1.99
002758.SZ,-0.05,0.46,0.11,1.22,0.46,1.98
002759.SZ,-0.11,0.55,0.05,1.35,0.49,1.98
002760.SZ,-0.09,0.47,0.04,1.28,0.47,1.98
002761.SZ,-0.06,0.53,0.15,1.25,0.46,1.99
002762.SZ,-0.13,0.52,-0.01,1.35,0.49,1.98
002763.SZ,-0.08,0.39,-0.02,0.94,0.39,1.91
002765.SZ,-0.11,0.49,0,1.34,0.49,1.98
002766.SZ,-0.11,0.53,0.05,1.35,0.49,1.98
002767.SZ,-0.08,0.49,0.08,1.32,0.49,1.98
002768.SZ,0.04,0.44,0.31,1.21,0.44,2
002769.SZ,-0.14,0.52,-0.03,1.35,0.49,1.98
002771.SZ,-0.01,0.58,0.26,1.28,0.47,1.99
002772.SZ,-0.1,0.45,-0.01,1.2,0.45,1.97
002773.SZ,-0.06,0.41,0.06,1.05,0.41,1.95
002775.SZ,-0.1,0.43,-0.02,1.11,0.43,1.96
300001.SZ,0,0.48,0.24,1.21,0.44,2
300002.SZ,-0.02,0.54,0.23,1.24,0.46,2
300003.SZ,-0.04,0.41,0.1,1.06,0.41,1.97
300004.SZ,-0.15,0.51,-0.08,1.35,0.49,1.98
300005.SZ,-0.1,0.47,0,1.27,0.47,1.98
300006.SZ,-0.09,0.49,0.05,1.33,0.49,1.98
300009.SZ,0.06,0.44,0.34,1.18,0.43,2.01
300012.SZ,0.12,0.42,0.48,1.11,0.4,2.05
300013.SZ,-0.16,0.56,-0.03,1.35,0.49,1.98
300015.SZ,0.17,0.42,0.59,1.12,0.4,2.06
300016.SZ,-0.11,0.46,-0.03,1.23,0.46,1.97
300017.SZ,-0.06,0.47,0.11,1.29,0.47,1.98
300018.SZ,-0.1,0.54,0.08,1.3,0.48,1.98
300019.SZ,0.03,0.52,0.31,1.24,0.45,2
300020.SZ,-0.23,0.52,-0.24,1.35,0.49,1.98
300021.SZ,-0.04,0.43,0.13,1.14,0.43,1.98
300022.SZ,-0.1,0.52,0.07,1.35,0.49,1.98
300024.SZ,-0.11,0.44,-0.06,1.15,0.44,1.96
300025.SZ,-0.01,0.54,0.24,1.28,0.47,1.99
300026.SZ,-0.05,0.43,0.1,1.15,0.43,1.98
300029.SZ,-0.12,0.57,0.05,1.32,0.48,1.98
300032.SZ,-0.22,0.53,-0.21,1.35,0.49,1.98
300033.SZ,0.15,0.55,0.52,1.21,0.44,2.03
300034.SZ,0.03,0.5,0.31,1.22,0.45,2
300035.SZ,0.08,0.54,0.4,1.2,0.44,2.02
300036.SZ,0.02,0.51,0.28,1.27,0.47,1.99
300037.SZ,0.18,0.53,0.57,1.18,0.42,2.05
300039.SZ,-0.07,0.46,0.06,1.23,0.46,1.98
300040.SZ,-0.01,0.51,0.23,1.25,0.46,1.99
300041.SZ,-0.02,0.46,0.2,1.25,0.46,1.99
300042.SZ,-0.02,0.57,0.25,1.26,0.46,1.99
300043.SZ,-0.17,0.51,-0.11,1.35,0.49,1.98
300044.SZ,-0.06,0.61,0.2,1.28,0.47,1.99
300045.SZ,0.05,0.58,0.37,1.25,0.46,2.01
300046.SZ,0.1,0.59,0.45,1.22,0.44,2.03
300047.SZ,0.03,0.55,0.33,1.25,0.46,2
300049.SZ,0.05,0.55,0.36,1.21,0.44,2.02
300050.SZ,-0.06,0.56,0.17,1.26,0.46,1.99
300053.SZ,-0.01,0.54,0.24,1.26,0.46,1.99
300054.SZ,0.12,0.47,0.47,1.19,0.43,2.02
300055.SZ,-0.16,0.46,-0.15,1.2,0.46,1.96
300057.SZ,-0.11,0.47,-0.01,1.27,0.47,1.98
300059.SZ,0.14,0.48,0.52,1.18,0.43,2.04
300061.SZ,0.04,0.65,0.38,1.25,0.45,2.01
300063.SZ,-0.06,0.57,0.17,1.3,0.48,1.98
300065.SZ,-0.04,0.54,0.2,1.22,0.45,2
300066.SZ,-0.03,0.47,0.18,1.27,0.47,1.99
300067.SZ,-0.03,0.5,0.18,1.31,0.48,1.98
300068.SZ,0.03,0.52,0.31,1.22,0.45,2.01
300069.SZ,-0.07,0.53,0.14,1.3,0.48,1.98
300070.SZ,-0.14,0.38,-0.22,0.88,0.38,1.87
300072.SZ,-0.15,0.49,-0.07,1.35,0.49,1.98
300073.SZ,0.14,0.58,0.52,1.21,0.44,2.04
300074.SZ,-0.12,0.51,0,1.35,0.49,1.98
300075.SZ,-0.04,0.56,0.2,1.26,0.46,1.99
300076.SZ,-0.1,0.56,0.08,1.3,0.48,1.98
300077.SZ,0.05,0.58,0.37,1.24,0.45,2.01
300078.SZ,-0.16,0.55,-0.04,1.35,0.49,1.98
300079.SZ,-0.06,0.55,0.16,1.27,0.47,1.99
300080.SZ,-0.1,0.49,0.04,1.31,0.48,1.98
300081.SZ,-0.08,0.62,0.17,1.25,0.46,1.99
300082.SZ,0,0.53,0.25,1.26,0.46,1.99
300083.SZ,0,0.55,0.28,1.26,0.46,1.99
300084.SZ,-0.07,0.5,0.1,1.29,0.48,1.98
300085.SZ,0.02,0.61,0.33,1.26,0.46,2
300086.SZ,-0.12,0.53,0.01,1.34,0.49,1.98
300088.SZ,0.03,0.48,0.29,1.24,0.45,2
300091.SZ,-0.11,0.52,0.04,1.3,0.48,1.98
300092.SZ,0,0.5,0.25,1.28,0.47,1.99
300095.SZ,-0.04,0.49,0.17,1.26,0.46,1.99
300097.SZ,-0.11,0.6,0.11,1.28,0.47,1.99
300098.SZ,-0.04,0.55,0.19,1.24,0.46,2
300100.SZ,0.04,0.58,0.35,1.23,0.45,2.01
300101.SZ,-0.04,0.54,0.19,1.29,0.47,1.99
300102.SZ,0.01,0.54,0.29,1.24,0.45,2
300103.SZ,-0.06,0.52,0.15,1.29,0.47,1.99
300105.SZ,-0.04,0.5,0.16,1.24,0.46,1.99
300106.SZ,-0.07,0.57,0.16,1.29,0.47,1.98
300107.SZ,0.07,0.55,0.39,1.22,0.44,2.02
300110.SZ,-0.09,0.44,0.01,1.15,0.44,1.97
300111.SZ,-0.1,0.43,-0.02,1.13,0.43,1.97
300113.SZ,-0.02,0.55,0.23,1.24,0.46,2
300114.SZ,0.16,0.52,0.55,1.17,0.42,2.06
300115.SZ,-0.03,0.52,0.21,1.26,0.46,1.99
300117.SZ,-0.13,0.63,0.09,1.33,0.49,1.98
300118.SZ,0,0.55,0.27,1.23,0.45,2
300119.SZ,0.01,0.47,0.24,1.25,0.46,1.99
300120.SZ,-0.01,0.55,0.25,1.28,0.47,1.99
300121.SZ,0.03,0.44,0.28,1.2,0.44,2
300122.SZ,0.17,0.53,0.56,1.18,0.42,2.05
300124.SZ,0.16,0.42,0.56,1.11,0.4,2.06
300125.SZ,-0.09,0.58,0.13,1.31,0.48,1.98
300126.SZ,-0.15,0.5,-0.07,1.35,0.49,1.98
300127.SZ,0.04,0.52,0.34,1.22,0.44,2.01
300129.SZ,0,0.48,0.25,1.25,0.46,1.99
300130.SZ,0.08,0.54,0.42,1.23,0.45,2.01
300132.SZ,-0.09,0.47,0.04,1.29,0.47,1.98
300133.SZ,-0.1,0.49,0.03,1.34,0.49,1.98
300136.SZ,0.04,0.5,0.33,1.23,0.45,2
300137.SZ,-0.08,0.47,0.05,1.26,0.47,1.98
300138.SZ,0.03,0.4,0.27,1.03,0.4,1.98
300139.SZ,0.02,0.6,0.34,1.26,0.46,2
300140.SZ,-0.18,0.54,-0.11,1.35,0.49,1.98
300141.SZ,-0.05,0.6,0.21,1.26,0.46,1.99
300144.SZ,-0.03,0.41,0.14,1.07,0.41,1.98
300145.SZ,-0.08,0.41,0.01,1.04,0.41,1.96
300146.SZ,0,0.39,0.18,0.98,0.39,1.96
300147.SZ,-0.1,0.52,0.04,1.3,0.48,1.98
300148.SZ,-0.14,0.54,-0.01,1.35,0.49,1.98
300151.SZ,0.02,0.52,0.31,1.21,0.44,2.01
300152.SZ,-0.1,0.63,0.15,1.31,0.48,1.98
300153.SZ,-0.05,0.59,0.21,1.27,0.46,1.99
300154.SZ,-0.04,0.42,0.12,1.11,0.42,1.98
300155.SZ,-0.14,0.54,-0.01,1.35,0.49,1.98
300159.SZ,-0.19,0.59,-0.06,1.35,0.49,1.98
300160.SZ,0.01,0.54,0.29,1.22,0.45,2.01
300162.SZ,-0.12,0.57,0.05,1.35,0.49,1.98
300165.SZ,-0.11,0.58,0.08,1.27,0.47,1.99
300166.SZ,-0.08,0.51,0.09,1.3,0.48,1.98
300167.SZ,-0.28,0.59,-0.25,1.35,0.49,1.98
300168.SZ,-0.16,0.53,-0.07,1.35,0.49,1.98
300170.SZ,-0.09,0.52,0.09,1.3,0.48,1.98
300171.SZ,-0.07,0.51,0.11,1.27,0.47,1.99
300172.SZ,-0.04,0.47,0.15,1.26,0.46,1.99
300173.SZ,-0.17,0.52,-0.09,1.35,0.49,1.98
300174.SZ,0.03,0.47,0.29,1.22,0.45,2
300175.SZ,-0.06,0.57,0.17,1.3,0.48,1.98
300176.SZ,-0.02,0.55,0.24,1.27,0.46,1.99
300177.SZ,0,0.52,0.25,1.26,0.46,1.99
300179.SZ,0.01,0.52,0.27,1.24,0.45,2
300180.SZ,0.07,0.44,0.37,1.19,0.44,2.01
300182.SZ,-0.08,0.54,0.11,1.3,0.48,1.98
300183.SZ,-0.03,0.51,0.2,1.25,0.46,1.99
300185.SZ,-0.03,0.42,0.15,1.1,0.42,1.98
300192.SZ,0.03,0.58,0.34,1.25,0.46,2
300193.SZ,0,0.41,0.21,1.09,0.41,2
300194.SZ,-0.03,0.45,0.14,1.2,0.45,1.99
300196.SZ,-0.02,0.4,0.16,1.02,0.4,1.96
300198.SZ,-0.12,0.52,0.02,1.32,0.48,1.98
300199.SZ,-0.08,0.61,0.17,1.29,0.47,1.99
300200.SZ,0.03,0.48,0.29,1.21,0.45,2
300201.SZ,-0.06,0.5,0.13,1.28,0.47,1.98
300203.SZ,-0.05,0.5,0.14,1.28,0.47,1.98
300204.SZ,-0.11,0.56,0.07,1.32,0.48,1.98
300205.SZ,-0.12,0.56,0.04,1.32,0.48,1.98
300206.SZ,0.04,0.47,0.32,1.21,0.44,2.01
300207.SZ,0.08,0.52,0.4,1.23,0.45,2.01
300208.SZ,-0.25,0.63,-0.15,1.35,0.49,1.98
300210.SZ,0.03,0.59,0.34,1.25,0.46,2
300211.SZ,-0.04,0.56,0.21,1.26,0.46,1.99
300212.SZ,0.02,0.57,0.32,1.23,0.45,2.01
300213.SZ,-0.06,0.52,0.14,1.31,0.48,1.98
300214.SZ,-0.05,0.39,0.07,0.98,0.39,1.95
300215.SZ,-0.05,0.49,0.14,1.29,0.47,1.98
300217.SZ,0.03,0.51,0.32,1.21,0.45,2.01
300218.SZ,0.03,0.49,0.3,1.24,0.45,2
300219.SZ,-0.05,0.49,0.15,1.28,0.47,1.99
300220.SZ,-0.14,0.57,0.02,1.35,0.49,1.98
300221.SZ,-0.09,0.55,0.11,1.32,0.48,1.98
300222.SZ,-0.09,0.51,0.06,1.34,0.49,1.98
300223.SZ,0.15,0.59,0.53,1.21,0.43,2.05
300224.SZ,-0.05,0.51,0.15,1.25,0.46,1.99
300225.SZ,0,0.57,0.28,1.27,0.47,1.99
300226.SZ,0.01,0.51,0.27,1.26,0.46,1.99
300227.SZ,-0.05,0.47,0.12,1.28,0.47,1.98
300228.SZ,-0.11,0.55,0.06,1.32,0.48,1.98
300229.SZ,-0.01,0.57,0.26,1.27,0.46,1.99
300230.SZ,-0.03,0.43,0.14,1.15,0.43,1.98
300231.SZ,-0.03,0.5,0.19,1.28,0.47,1.99
300232.SZ,0,0.47,0.23,1.27,0.47,1.99
300233.SZ,-0.09,0.48,0.04,1.29,0.47,1.98
300234.SZ,-0.08,0.52,0.1,1.29,0.48,1.98
300235.SZ,-0.06,0.57,0.16,1.29,0.47,1.99
300236.SZ,0.1,0.55,0.45,1.2,0.44,2.03
300237.SZ,-0.13,0.51,-0.01,1.35,0.49,1.98
300238.SZ,-0.12,0.53,0.03,1.35,0.49,1.98
300239.SZ,-0.03,0.48,0.17,1.26,0.46,1.99
300240.SZ,-0.04,0.52,0.19,1.26,0.46,1.99
300241.SZ,-0.03,0.52,0.2,1.28,0.47,1.99
300242.SZ,-0.13,0.58,0.04,1.33,0.49,1.98
300243.SZ,-0.03,0.49,0.19,1.28,0.47,1.99
300244.SZ,-0.11,0.44,-0.06,1.16,0.44,1.97
300245.SZ,-0.08,0.52,0.11,1.29,0.47,1.98
300246.SZ,-0.11,0.5,0.02,1.33,0.49,1.98
300247.SZ,-0.08,0.48,0.07,1.29,0.47,1.98
300248.SZ,-0.07,0.58,0.16,1.28,0.47,1.99
300249.SZ,-0.01,0.57,0.27,1.24,0.46,2
300251.SZ,-0.04,0.46,0.13,1.25,0.46,1.99
300252.SZ,-0.1,0.55,0.09,1.27,0.47,1.99
300253.SZ,-0.06,0.5,0.13,1.28,0.47,1.99
300254.SZ,-0.1,0.54,0.08,1.31,0.48,1.98
300255.SZ,0.07,0.52,0.39,1.22,0.44,2.01
300256.SZ,-0.07,0.58,0.17,1.3,0.48,1.98
300257.SZ,-0.12,0.42,-0.08,1.08,0.42,1.94
300258.SZ,-0.01,0.44,0.2,1.17,0.44,1.99
300259.SZ,-0.05,0.43,0.1,1.14,0.43,1.98
300260.SZ,0.15,0.6,0.54,1.2,0.42,2.07
300261.SZ,0,0.57,0.28,1.26,0.46,2
300264.SZ,-0.03,0.65,0.27,1.25,0.46,2
300265.SZ,-0.06,0.54,0.15,1.31,0.48,1.98
300267.SZ,-0.18,0.46,-0.21,1.23,0.46,1.96
300268.SZ,-0.15,0.58,0.01,1.35,0.49,1.98
300270.SZ,-0.1,0.56,0.08,1.32,0.48,1.98
300271.SZ,-0.11,0.49,0,1.32,0.48,1.98
300274.SZ,0.28,0.58,0.72,1.2,0.42,2.09
300275.SZ,-0.03,0.55,0.22,1.3,0.48,1.98
300276.SZ,-0.12,0.5,-0.02,1.33,0.49,1.98
300277.SZ,0,0.58,0.29,1.22,0.45,2.01
300281.SZ,-0.08,0.49,0.08,1.28,0.47,1.98
300283.SZ,-0.03,0.5,0.2,1.2,0.44,2
300284.SZ,0.01,0.45,0.24,1.22,0.45,1.99
300285.SZ,0.07,0.44,0.37,1.19,0.44,2.01
300286.SZ,0.03,0.53,0.32,1.23,0.45,2
300288.SZ,-0.13,0.55,0.02,1.33,0.49,1.98
300289.SZ,-0.14,0.46,-0.1,1.23,0.46,1.97
300290.SZ,0.08,0.6,0.42,1.22,0.44,2.02
300291.SZ,-0.19,0.5,-0.17,1.35,0.49,1.98
300292.SZ,-0.05,0.51,0.15,1.29,0.47,1.98
300293.SZ,0.03,0.63,0.36,1.23,0.45,2.02
300295.SZ,-0.08,0.56,0.13,1.25,0.46,1.99
300298.SZ,0.07,0.48,0.37,1.21,0.45,2.01
300301.SZ,-0.18,0.53,-0.11,1.35,0.49,1.98
300302.SZ,-0.02,0.59,0.25,1.26,0.46,2
300303.SZ,0,0.48,0.23,1.25,0.46,1.99
300304.SZ,0.05,0.52,0.35,1.23,0.45,2
300305.SZ,-0.07,0.47,0.08,1.27,0.47,1.98
300306.SZ,-0.04,0.51,0.18,1.27,0.47,1.99
300307.SZ,-0.06,0.51,0.13,1.29,0.47,1.98
300308.SZ,0.41,0.56,0.89,1.2,0.4,2.16
300311.SZ,-0.08,0.61,0.16,1.3,0.47,1.99
300313.SZ,-0.11,0.68,0.17,1.32,0.48,1.98
300314.SZ,-0.07,0.52,0.13,1.3,0.48,1.98
300318.SZ,-0.07,0.56,0.15,1.26,0.46,1.99
300319.SZ,0.02,0.51,0.29,1.24,0.46,2
300320.SZ,0.05,0.51,0.36,1.22,0.45,2.01
300321.SZ,-0.07,0.46,0.08,1.25,0.46,1.98
300324.SZ,-0.12,0.52,0.02,1.35,0.49,1.98
300326.SZ,-0.12,0.42,-0.09,1.08,0.42,1.94
300327.SZ,0.13,0.52,0.5,1.18,0.43,2.04
300328.SZ,-0.06,0.54,0.16,1.26,0.46,1.99
300329.SZ,-0.1,0.52,0.07,1.3,0.48,1.98
300331.SZ,0.02,0.56,0.3,1.25,0.46,2
300332.SZ,-0.08,0.47,0.05,1.25,0.47,1.98
300333.SZ,-0.09,0.58,0.12,1.28,0.47,1.99
300334.SZ,-0.14,0.55,-0.01,1.34,0.49,1.98
300335.SZ,-0.11,0.45,-0.03,1.2,0.45,1.97
300337.SZ,0.06,0.59,0.39,1.22,0.44,2.02
300338.SZ,-0.18,0.62,-0.02,1.35,0.49,1.98
300339.SZ,0.16,0.61,0.54,1.21,0.43,2.05
300340.SZ,-0.05,0.6,0.21,1.27,0.47,1.99
300341.SZ,0.08,0.53,0.41,1.21,0.44,2.02
300342.SZ,0.02,0.56,0.31,1.23,0.45,2
300344.SZ,-0.03,0.57,0.22,1.27,0.46,1.99
300345.SZ,-0.09,0.55,0.11,1.31,0.48,1.98
300347.SZ,0.12,0.5,0.47,1.18,0.43,2.03
300348.SZ,0.03,0.56,0.33,1.24,0.45,2
300349.SZ,-0.06,0.41,0.04,1.03,0.41,1.95
300350.SZ,-0.11,0.59,0.09,1.32,0.48,1.98
300351.SZ,-0.06,0.53,0.15,1.26,0.46,1.99
300354.SZ,0.03,0.55,0.33,1.22,0.45,2.01
300355.SZ,0.01,0.49,0.26,1.22,0.45,2
300357.SZ,0.06,0.45,0.36,1.21,0.44,2.01
300358.SZ,-0.11,0.5,0.02,1.3,0.48,1.98
300359.SZ,-0.19,0.53,-0.13,1.35,0.49,1.98
300364.SZ,0,0.68,0.33,1.26,0.46,2
300365.SZ,-0.03,0.52,0.2,1.26,0.46,1.99
300366.SZ,-0.01,0.63,0.3,1.25,0.46,2
300368.SZ,-0.14,0.62,0.07,1.34,0.49,1.98
300369.SZ,-0.08,0.53,0.1,1.34,0.49,1.98
300370.SZ,-0.06,0.56,0.17,1.27,0.47,1.99
300371.SZ,-0.03,0.5,0.19,1.26,0.46,1.99
300373.SZ,0.13,0.54,0.49,1.19,0.43,2.04
300374.SZ,-0.01,0.6,0.28,1.29,0.47,1.99
300375.SZ,-0.05,0.5,0.15,1.28,0.47,1.98
300376.SZ,-0.04,0.55,0.19,1.25,0.46,1.99
300377.SZ,0,0.58,0.3,1.25,0.46,2
300378.SZ,-0.04,0.59,0.21,1.28,0.47,1.99
300379.SZ,0,0.59,0.29,1.25,0.46,2
300380.SZ,-0.04,0.57,0.21,1.28,0.47,1.99
300381.SZ,-0.08,0.48,0.05,1.3,0.48,1.98
300382.SZ,0.02,0.52,0.3,1.22,0.45,2.01
300384.SZ,-0.05,0.5,0.15,1.28,0.47,1.98
300385.SZ,-0.14,0.49,-0.07,1.35,0.49,1.98
300386.SZ,-0.03,0.59,0.23,1.31,0.48,1.98
300387.SZ,-0.07,0.47,0.08,1.27,0.47,1.98
300389.SZ,-0.03,0.53,0.21,1.3,0.48,1.99
300390.SZ,0.19,0.61,0.59,1.21,0.43,2.06
300391.SZ,-0.12,0.59,0.08,1.34,0.49,1.98
300393.SZ,-0.01,0.57,0.26,1.24,0.45,2
300394.SZ,0.31,0.6,0.74,1.2,0.41,2.12
300395.SZ,0.21,0.5,0.63,1.16,0.41,2.07
300396.SZ,-0.03,0.46,0.17,1.25,0.46,1.99
300397.SZ,-0.1,0.57,0.1,1.3,0.48,1.98
300398.SZ,-0.01,0.53,0.24,1.28,0.47,1.99
300399.SZ,-0.05,0.6,0.21,1.26,0.46,1.99
300400.SZ,0.01,0.57,0.31,1.27,0.46,2
300401.SZ,0.06,0.46,0.36,1.19,0.44,2.01
300402.SZ,-0.02,0.59,0.26,1.27,0.46,1.99
300403.SZ,0.01,0.48,0.25,1.24,0.46,1.99
300404.SZ,-0.08,0.51,0.1,1.3,0.48,1.98
300405.SZ,-0.09,0.54,0.09,1.29,0.47,1.98
300406.SZ,-0.03,0.43,0.14,1.15,0.43,1.98
300408.SZ,0.09,0.39,0.42,1.04,0.39,2.02
300409.SZ,0,0.54,0.26,1.28,0.47,1.99
300413.SZ,0.02,0.51,0.28,1.22,0.45,2
300414.SZ,-0.09,0.55,0.11,1.29,0.47,1.98
300415.SZ,0.11,0.5,0.46,1.19,0.43,2.03
300416.SZ,0.01,0.5,0.26,1.24,0.46,1.99
300417.SZ,-0.05,0.55,0.17,1.25,0.46,1.99
300418.SZ,0.05,0.59,0.38,1.25,0.46,2.01
300419.SZ,-0.11,0.59,0.09,1.32,0.48,1.98
300420.SZ,-0.05,0.48,0.14,1.21,0.45,2
300421.SZ,-0.01,0.55,0.25,1.25,0.46,2
300422.SZ,-0.11,0.45,-0.04,1.19,0.45,1.97
300423.SZ,-0.05,0.5,0.14,1.31,0.48,1.98
300424.SZ,-0.1,0.52,0.06,1.32,0.48,1.98
300426.SZ,-0.08,0.55,0.12,1.35,0.49,1.98
300428.SZ,0.03,0.57,0.33,1.25,0.46,2
300430.SZ,-0.04,0.51,0.18,1.27,0.47,1.99
300432.SZ,0.01,0.59,0.31,1.26,0.46,2
300433.SZ,0.06,0.5,0.37,1.24,0.45,2
300434.SZ,-0.05,0.5,0.14,1.3,0.48,1.98
300436.SZ,-0.11,0.55,0.06,1.27,0.47,1.98
300437.SZ,-0.08,0.57,0.13,1.31,0.48,1.98
300439.SZ,-0.12,0.45,-0.06,1.18,0.45,1.97
300440.SZ,-0.07,0.48,0.1,1.28,0.47,1.98
300442.SZ,0.02,0.48,0.28,1.24,0.45,2
300443.SZ,-0.04,0.55,0.2,1.28,0.47,1.99
300444.SZ,-0.06,0.55,0.16,1.28,0.47,1.99
300445.SZ,-0.01,0.46,0.21,1.22,0.45,2
300446.SZ,-0.04,0.53,0.19,1.26,0.46,1.99
300447.SZ,-0.04,0.55,0.21,1.25,0.46,1.99
300448.SZ,-0.03,0.52,0.2,1.27,0.47,1.99
300449.SZ,-0.14,0.54,0,1.32,0.48,1.98
300450.SZ,0.1,0.51,0.43,1.2,0.44,2.02
300451.SZ,-0.06,0.52,0.14,1.31,0.48,1.98
300452.SZ,0,0.52,0.26,1.23,0.45,2
300453.SZ,0,0.49,0.24,1.26,0.46,1.99
300455.SZ,0.02,0.51,0.3,1.24,0.45,2
300457.SZ,0.04,0.51,0.34,1.21,0.45,2.01
300458.SZ,0.09,0.59,0.44,1.23,0.45,2.02
300459.SZ,0.04,0.59,0.35,1.24,0.45,2.01
300460.SZ,-0.04,0.58,0.23,1.25,0.46,1.99
300461.SZ,-0.02,0.6,0.26,1.32,0.48,1.98
300462.SZ,-0.1,0.57,0.1,1.33,0.49,1.98
300463.SZ,-0.07,0.45,0.06,1.21,0.45,1.98
300464.SZ,-0.11,0.57,0.08,1.29,0.48,1.98
300465.SZ,-0.03,0.6,0.25,1.3,0.47,1.99
300468.SZ,0.08,0.58,0.42,1.23,0.45,2.02
300469.SZ,0.03,0.61,0.34,1.24,0.45,2.01
300470.SZ,0.06,0.41,0.36,1.1,0.41,2
300471.SZ,-0.08,0.6,0.16,1.29,0.47,1.99
300472.SZ,-0.11,0.57,0.08,1.31,0.48,1.98
300473.SZ,-0.11,0.49,0.01,1.34,0.49,1.98
300475.SZ,0.11,0.55,0.46,1.2,0.43,2.03
300476.SZ,0.22,0.54,0.64,1.2,0.43,2.05
300477.SZ,-0.08,0.57,0.14,1.29,0.47,1.98
300478.SZ,-0.11,0.49,0.01,1.33,0.49,1.98
300479.SZ,-0.04,0.62,0.24,1.27,0.47,1.99
300480.SZ,0,0.57,0.28,1.25,0.46,2
300481.SZ,0.04,0.52,0.33,1.25,0.46,2
300482.SZ,0.05,0.51,0.35,1.2,0.44,2.01
300483.SZ,-0.12,0.49,-0.01,1.35,0.49,1.98
300485.SZ,-0.11,0.48,-0.01,1.31,0.48,1.98
300486.SZ,-0.1,0.52,0.05,1.31,0.48,1.98
300487.SZ,0.23,0.56,0.65,1.18,0.41,2.09
300488.SZ,0.01,0.5,0.26,1.25,0.46,1.99
300489.SZ,0.09,0.59,0.44,1.23,0.45,2.02
600000.SH,0.03,0.21,0.26,0.37,0.21,1.61
600004.SH,0,0.35,0.17,0.84,0.35,1.92
600006.SH,-0.08,0.44,0.02,1.15,0.44,1.96
600007.SH,0.06,0.36,0.35,0.92,0.36,2
600008.SH,-0.04,0.32,0.05,0.72,0.32,1.84
600009.SH,0.03,0.33,0.24,0.8,0.33,1.93
600010.SH,-0.08,0.37,-0.03,0.9,0.37,1.91
600011.SH,-0.02,0.36,0.13,0.89,0.36,1.93
600012.SH,0.06,0.36,0.33,0.92,0.36,1.99
600015.SH,0.02,0.2,0.22,0.34,0.2,1.58
600016.SH,-0.03,0.19,-0.05,0.26,0.19,1.34
600017.SH,-0.11,0.29,-0.24,0.54,0.29,1.63
600018.SH,0.01,0.3,0.17,0.66,0.3,1.82
600019.SH,0.04,0.33,0.28,0.8,0.33,1.92
600020.SH,-0.02,0.3,0.08,0.63,0.3,1.78
600021.SH,-0.08,0.38,-0.04,0.9,0.37,1.9
600022.SH,-0.1,0.3,-0.18,0.58,0.3,1.66
600023.SH,-0.01,0.27,0.09,0.51,0.27,1.67
600027.SH,-0.01,0.35,0.15,0.84,0.35,1.92
600028.SH,0.08,0.23,0.47,0.48,0.23,1.82
600029.SH,-0.07,0.35,-0.03,0.82,0.35,1.87
600030.SH,0.07,0.34,0.36,0.85,0.34,2
600031.SH,0.11,0.37,0.48,0.99,0.37,2.05
600033.SH,0,0.23,0.11,0.4,0.23,1.58
600035.SH,-0.01,0.31,0.11,0.66,0.31,1.82
600036.SH,0.14,0.29,0.6,0.72,0.29,2.04
600037.SH,-0.14,0.37,-0.2,0.86,0.37,1.86
600038.SH,-0.03,0.39,0.11,0.99,0.39,1.95
600039.SH,0.11,0.35,0.48,0.9,0.35,2.02
600048.SH,0.06,0.39,0.33,1.02,0.39,2.01
600050.SH,-0.02,0.33,0.09,0.75,0.33,1.86
600051.SH,-0.05,0.38,0.05,0.94,0.38,1.93
600052.SH,-0.1,0.44,-0.02,1.15,0.44,1.97
600054.SH,-0.01,0.33,0.12,0.76,0.33,1.89
600055.SH,-0.02,0.47,0.19,1.26,0.46,1.99
600056.SH,-0.01,0.39,0.17,1,0.39,1.97
600057.SH,-0.01,0.35,0.15,0.85,0.35,1.92
600059.SH,-0.03,0.36,0.1,0.85,0.36,1.9
600060.SH,0.02,0.39,0.25,1.02,0.39,1.99
600061.SH,-0.06,0.38,0.02,0.95,0.38,1.93
600062.SH,0.04,0.37,0.3,0.95,0.37,1.99
600063.SH,-0.07,0.42,0.05,1.09,0.42,1.97
600064.SH,-0.01,0.31,0.13,0.68,0.31,1.84
600066.SH,0.08,0.35,0.4,0.9,0.35,2
600067.SH,-0.16,0.38,-0.26,0.86,0.38,1.83
600070.SH,-0.19,0.46,-0.22,1.22,0.46,1.96
600071.SH,0.01,0.49,0.27,1.23,0.45,2
600076.SH,-0.18,0.39,-0.33,0.89,0.39,1.84
600078.SH,-0.04,0.49,0.15,1.28,0.47,1.99
600079.SH,0.01,0.41,0.23,1.09,0.41,2
600080.SH,-0.07,0.41,0.03,1.06,0.41,1.96
600081.SH,-0.1,0.46,0,1.22,0.46,1.98
600082.SH,-0.11,0.44,-0.05,1.15,0.44,1.96
600083.SH,-0.2,0.5,-0.21,1.35,0.49,1.98
600084.SH,-0.06,0.44,0.08,1.17,0.44,1.98
600085.SH,0.04,0.35,0.28,0.88,0.35,1.96
600088.SH,-0.05,0.5,0.15,1.31,0.48,1.98
600089.SH,0.06,0.35,0.33,0.9,0.35,2
600094.SH,-0.14,0.39,-0.19,0.95,0.39,1.91
600095.SH,-0.02,0.53,0.22,1.25,0.46,1.99
600096.SH,0.06,0.47,0.37,1.2,0.44,2.01
600098.SH,-0.07,0.33,-0.05,0.7,0.33,1.79
600100.SH,-0.11,0.4,-0.1,0.99,0.4,1.93
600101.SH,0.04,0.42,0.3,1.11,0.42,2
600103.SH,-0.12,0.36,-0.16,0.83,0.36,1.84
600104.SH,0.01,0.29,0.17,0.64,0.29,1.83
600105.SH,-0.06,0.5,0.13,1.28,0.47,1.98
600106.SH,-0.01,0.36,0.16,0.88,0.36,1.93
600107.SH,-0.14,0.49,-0.08,1.33,0.49,1.98
600108.SH,-0.14,0.36,-0.24,0.79,0.36,1.8
600109.SH,-0.07,0.38,0.01,0.94,0.38,1.94
600111.SH,0.02,0.45,0.27,1.21,0.45,1.99
600113.SH,-0.01,0.46,0.21,1.25,0.46,1.99
600114.SH,0.09,0.47,0.42,1.17,0.43,2.03
600115.SH,-0.12,0.33,-0.2,0.69,0.33,1.75
600116.SH,0.05,0.39,0.32,1.02,0.39,1.99
600117.SH,-0.11,0.44,-0.03,1.15,0.44,1.96
600118.SH,-0.08,0.4,-0.03,0.99,0.4,1.94
600119.SH,-0.12,0.5,0,1.35,0.49,1.98
600120.SH,-0.03,0.35,0.08,0.84,0.35,1.89
600121.SH,-0.06,0.49,0.12,1.33,0.49,1.98
600123.SH,0.07,0.4,0.38,1.06,0.4,2.01
600125.SH,-0.07,0.37,-0.03,0.86,0.36,1.89
600126.SH,-0.07,0.41,0.03,1.05,0.41,1.95
600127.SH,-0.04,0.43,0.13,1.14,0.43,1.98
600128.SH,-0.08,0.43,0.04,1.13,0.43,1.97
600129.SH,0.01,0.47,0.25,1.25,0.46,1.99
600130.SH,-0.09,0.49,0.05,1.33,0.49,1.98
600131.SH,0.08,0.48,0.4,1.21,0.44,2.01
600132.SH,0.18,0.42,0.6,1.15,0.42,2.05
600133.SH,-0.02,0.45,0.18,1.2,0.45,1.99
600135.SH,-0.12,0.44,-0.07,1.15,0.44,1.96
600136.SH,-0.24,0.54,-0.25,1.35,0.49,1.98
600138.SH,-0.08,0.35,-0.07,0.78,0.35,1.84
600141.SH,0.09,0.46,0.42,1.19,0.44,2.02
600143.SH,0,0.39,0.18,1,0.39,1.97
600148.SH,-0.09,0.46,0.02,1.23,0.46,1.98
600149.SH,-0.14,0.48,-0.08,1.29,0.48,1.98
600150.SH,-0.03,0.42,0.15,1.11,0.42,1.98
600151.SH,-0.08,0.45,0.05,1.21,0.45,1.98
600152.SH,-0.06,0.54,0.16,1.28,0.47,1.99
600156.SH,-0.12,0.49,-0.03,1.34,0.49,1.98
600157.SH,-0.16,0.37,-0.29,0.84,0.37,1.83
600158.SH,-0.14,0.45,-0.11,1.2,0.45,1.96
600159.SH,-0.09,0.44,0.01,1.17,0.44,1.97
600161.SH,0.09,0.39,0.42,1.05,0.39,2.03
600162.SH,-0.1,0.38,-0.08,0.92,0.38,1.9
600163.SH,-0.06,0.39,0.05,0.98,0.39,1.94
600165.SH,-0.19,0.54,-0.12,1.35,0.49,1.98
600166.SH,-0.05,0.39,0.07,0.98,0.39,1.94
600168.SH,-0.06,0.31,-0.05,0.63,0.3,1.76
600169.SH,-0.14,0.35,-0.24,0.74,0.35,1.77
600170.SH,-0.08,0.27,-0.18,0.48,0.27,1.58
600171.SH,0.05,0.51,0.34,1.2,0.44,2.01
600172.SH,-0.15,0.52,-0.06,1.35,0.49,1.98
600173.SH,-0.05,0.41,0.09,1.05,0.41,1.95
600176.SH,0.05,0.4,0.32,1.04,0.4,1.99
600177.SH,0.05,0.24,0.33,0.5,0.24,1.81
600178.SH,-0.03,0.51,0.2,1.27,0.47,1.99
600179.SH,-0.14,0.42,-0.16,1.04,0.41,1.92
600180.SH,-0.17,0.41,-0.23,1.03,0.41,1.91
600182.SH,-0.02,0.33,0.09,0.76,0.33,1.9
600183.SH,0.16,0.43,0.56,1.17,0.42,2.04
600184.SH,-0.13,0.42,-0.11,1.08,0.42,1.95
600185.SH,-0.03,0.48,0.17,1.24,0.46,1.99
600187.SH,-0.08,0.45,0.04,1.2,0.45,1.97
600188.SH,0.19,0.47,0.6,1.15,0.41,2.07
600190.SH,-0.15,0.37,-0.26,0.86,0.37,1.84
600192.SH,-0.07,0.48,0.09,1.3,0.48,1.98
600195.SH,-0.05,0.39,0.07,0.99,0.39,1.95
600196.SH,0.01,0.42,0.24,1.11,0.42,1.99
600197.SH,0.04,0.45,0.32,1.22,0.45,1.99
600198.SH,-0.13,0.53,0,1.34,0.49,1.98
600199.SH,0.02,0.48,0.27,1.26,0.46,1.99
600200.SH,-0.1,0.47,0.01,1.25,0.47,1.98
600201.SH,-0.12,0.36,-0.15,0.81,0.36,1.81
600203.SH,-0.04,0.5,0.17,1.27,0.47,1.99
600206.SH,-0.05,0.47,0.13,1.26,0.46,1.99
600207.SH,-0.07,0.51,0.1,1.32,0.48,1.98
600208.SH,-0.08,0.34,-0.09,0.76,0.34,1.83
600210.SH,0.02,0.42,0.25,1.12,0.42,1.99
600211.SH,0.06,0.46,0.35,1.21,0.44,2.01
600215.SH,-0.06,0.45,0.08,1.21,0.45,1.98
600216.SH,0.07,0.41,0.36,1.11,0.41,2.01
600217.SH,-0.06,0.38,0.03,0.91,0.38,1.9
600218.SH,-0.06,0.47,0.11,1.28,0.47,1.98
600219.SH,0.06,0.34,0.34,0.83,0.34,1.94
600221.SH,-0.16,0.3,-0.41,0.56,0.3,1.62
600222.SH,-0.06,0.45,0.08,1.22,0.45,1.98
600223.SH,-0.02,0.48,0.2,1.27,0.47,1.99
600225.SH,-0.09,0.5,0.07,1.31,0.48,1.98
600227.SH,-0.14,0.4,-0.19,0.98,0.4,1.9
600228.SH,-0.09,0.49,0.06,1.34,0.49,1.98
600229.SH,-0.08,0.38,-0.04,0.93,0.38,1.91
600230.SH,0.03,0.53,0.33,1.24,0.45,2
600231.SH,-0.06,0.41,0.06,1.07,0.41,1.96
600232.SH,-0.06,0.42,0.08,1.11,0.42,1.97
600233.SH,0.09,0.42,0.42,1.13,0.42,2.01
600234.SH,-0.17,0.47,-0.16,1.28,0.47,1.97
600235.SH,-0.08,0.44,0.04,1.15,0.44,1.97
600236.SH,0.03,0.29,0.24,0.64,0.29,1.89
600237.SH,-0.03,0.48,0.17,1.23,0.45,1.99
600238.SH,-0.06,0.48,0.1,1.28,0.47,1.98
600239.SH,-0.08,0.46,0.05,1.23,0.46,1.98
600241.SH,-0.08,0.46,0.05,1.24,0.46,1.99
600243.SH,-0.09,0.48,0.03,1.29,0.48,1.98
600246.SH,0.04,0.48,0.31,1.24,0.45,2
600248.SH,-0.06,0.39,0.03,0.99,0.39,1.94
600249.SH,-0.07,0.43,0.05,1.12,0.43,1.97
600250.SH,-0.05,0.51,0.16,1.31,0.48,1.98
600251.SH,-0.06,0.42,0.06,1.09,0.42,1.96
600252.SH,-0.12,0.32,-0.24,0.66,0.32,1.74
600255.SH,-0.12,0.43,-0.1,1.11,0.43,1.95
600256.SH,0.03,0.39,0.28,1.02,0.39,2
600257.SH,-0.11,0.5,0.03,1.35,0.49,1.98
600261.SH,-0.1,0.31,-0.2,0.59,0.31,1.66
600262.SH,-0.06,0.41,0.04,1.04,0.4,1.96
600265.SH,-0.03,0.33,0.06,0.74,0.33,1.85
600266.SH,-0.06,0.39,0.04,0.96,0.39,1.93
600267.SH,-0.07,0.42,0.04,1.09,0.42,1.97
600268.SH,-0.02,0.48,0.2,1.26,0.47,1.99
600269.SH,0.01,0.23,0.15,0.41,0.23,1.61
600271.SH,-0.11,0.35,-0.15,0.8,0.35,1.84
600272.SH,-0.06,0.5,0.13,1.25,0.46,1.99
600273.SH,-0.01,0.38,0.17,0.94,0.38,1.95
600276.SH,0.15,0.33,0.59,0.87,0.33,2.05
600278.SH,-0.1,0.42,-0.03,1.06,0.42,1.95
600279.SH,-0.06,0.36,0.01,0.84,0.36,1.89
600281.SH,-0.08,0.48,0.07,1.3,0.48,1.98
600282.SH,0.05,0.35,0.32,0.89,0.35,1.98
600283.SH,0,0.43,0.21,1.15,0.43,1.99
600284.SH,-0.05,0.35,0.02,0.79,0.35,1.86
600285.SH,0.11,0.37,0.48,0.99,0.37,2.03
600287.SH,-0.14,0.4,-0.18,1,0.4,1.91
600288.SH,-0.09,0.45,0.01,1.21,0.45,1.98
600289.SH,-0.26,0.43,-0.49,1.04,0.42,1.89
600292.SH,-0.15,0.4,-0.21,0.95,0.4,1.88
600293.SH,-0.1,0.46,0,1.23,0.46,1.97
600295.SH,0.11,0.48,0.47,1.19,0.43,2.02
600298.SH,0.12,0.38,0.5,1.02,0.38,2.03
600299.SH,-0.03,0.36,0.08,0.87,0.36,1.91
600300.SH,-0.11,0.39,-0.1,0.95,0.39,1.89
600301.SH,0.02,0.4,0.26,1.06,0.4,2
600302.SH,-0.07,0.44,0.05,1.16,0.44,1.98
600303.SH,-0.12,0.51,0.01,1.34,0.49,1.98
600305.SH,0,0.36,0.19,0.88,0.36,1.95
600307.SH,-0.16,0.36,-0.29,0.8,0.36,1.82
600308.SH,0,0.32,0.15,0.71,0.32,1.85
600309.SH,0.21,0.37,0.71,1.01,0.37,2.09
600310.SH,-0.09,0.45,0.01,1.18,0.45,1.97
600313.SH,-0.02,0.49,0.21,1.27,0.47,1.99
600315.SH,-0.08,0.36,-0.07,0.82,0.36,1.86
600316.SH,-0.01,0.48,0.23,1.25,0.46,1.99
600320.SH,-0.06,0.32,-0.03,0.69,0.32,1.81
600322.SH,-0.12,0.44,-0.08,1.17,0.44,1.97
000413.SZ,-0.3,0.43,-0.63,1.02,0.43,1.85
600213.SH,-0.07,0.54,0.14,1.29,0.47,1.98
600323.SH,0.06,0.31,0.34,0.71,0.31,1.91
600325.SH,0.02,0.39,0.25,1.03,0.39,1.99
600326.SH,-0.04,0.46,0.15,1.24,0.46,1.99
600327.SH,-0.03,0.4,0.13,1.01,0.4,1.96
600328.SH,-0.03,0.43,0.15,1.13,0.43,1.98
600329.SH,0.04,0.4,0.31,1.03,0.39,1.99
600330.SH,-0.05,0.48,0.14,1.3,0.48,1.98
600331.SH,-0.01,0.5,0.22,1.29,0.47,1.99
600332.SH,-0.02,0.33,0.11,0.72,0.32,1.84
600333.SH,-0.07,0.41,0.02,1.03,0.41,1.94
600335.SH,-0.11,0.48,0.01,1.31,0.48,1.98
600336.SH,0.02,0.45,0.26,1.23,0.45,1.99
600337.SH,-0.17,0.38,-0.29,0.86,0.38,1.82
600338.SH,-0.05,0.56,0.18,1.33,0.49,1.98
600339.SH,-0.07,0.39,0.01,0.96,0.39,1.91
600340.SH,-0.25,0.43,-0.44,1.06,0.43,1.9
600343.SH,-0.13,0.44,-0.09,1.16,0.44,1.96
600345.SH,0.01,0.47,0.25,1.23,0.45,2
600348.SH,0.09,0.43,0.41,1.17,0.43,2.02
600350.SH,0.06,0.29,0.36,0.65,0.29,1.88
600351.SH,-0.08,0.39,-0.02,0.94,0.39,1.91
600352.SH,-0.01,0.34,0.14,0.8,0.34,1.9
600353.SH,-0.03,0.47,0.18,1.25,0.46,1.99
600354.SH,-0.08,0.49,0.07,1.34,0.49,1.98
600358.SH,-0.16,0.49,-0.11,1.33,0.49,1.98
600359.SH,-0.09,0.48,0.05,1.29,0.48,1.98
600360.SH,-0.06,0.49,0.11,1.3,0.48,1.98
600361.SH,-0.08,0.43,0.03,1.11,0.43,1.96
600362.SH,0.05,0.39,0.32,1.01,0.39,1.99
600363.SH,0.08,0.47,0.39,1.19,0.44,2.02
600366.SH,-0.07,0.46,0.07,1.23,0.46,1.98
600367.SH,-0.03,0.49,0.18,1.26,0.46,1.99
600368.SH,0.03,0.34,0.27,0.82,0.34,1.95
600369.SH,-0.06,0.35,0,0.81,0.35,1.89
600370.SH,-0.09,0.4,-0.05,0.99,0.4,1.93
600371.SH,-0.05,0.48,0.13,1.32,0.48,1.98
600372.SH,-0.11,0.39,-0.1,0.93,0.39,1.9
600373.SH,-0.03,0.39,0.13,0.99,0.39,1.96
600375.SH,-0.06,0.46,0.08,1.23,0.46,1.98
600376.SH,-0.15,0.38,-0.22,0.91,0.38,1.88
600377.SH,0.11,0.21,0.6,0.43,0.21,1.83
600378.SH,0.04,0.46,0.32,1.22,0.45,2
600379.SH,-0.02,0.47,0.18,1.28,0.47,1.99
600381.SH,-0.21,0.52,-0.18,1.35,0.49,1.98
600382.SH,-0.07,0.38,0,0.9,0.38,1.89
600383.SH,-0.04,0.43,0.13,1.15,0.43,1.98
600386.SH,-0.06,0.46,0.09,1.23,0.46,1.98
600387.SH,-0.18,0.42,-0.27,1.05,0.42,1.91
600388.SH,-0.01,0.35,0.14,0.85,0.35,1.94
600389.SH,0.03,0.46,0.3,1.2,0.44,2.01
600390.SH,-0.05,0.37,0.04,0.9,0.37,1.9
600391.SH,-0.1,0.47,0,1.26,0.47,1.98
600395.SH,-0.06,0.41,0.07,1.07,0.41,1.97
600396.SH,-0.15,0.43,-0.15,1.1,0.43,1.94
600397.SH,-0.14,0.47,-0.09,1.28,0.47,1.98
600398.SH,-0.05,0.32,0.01,0.69,0.32,1.8
600399.SH,-0.05,0.45,0.1,1.21,0.45,1.98
600400.SH,-0.06,0.38,0.02,0.93,0.38,1.92
600403.SH,-0.08,0.43,0.02,1.11,0.43,1.96
600405.SH,-0.1,0.48,0.02,1.32,0.48,1.98
600406.SH,0.13,0.37,0.51,0.97,0.37,2.04
600409.SH,-0.04,0.43,0.12,1.12,0.43,1.97
600410.SH,-0.14,0.5,-0.04,1.35,0.49,1.98
600415.SH,0.01,0.4,0.21,1.02,0.4,1.97
600416.SH,-0.06,0.5,0.12,1.28,0.47,1.98
600418.SH,0.11,0.52,0.45,1.2,0.43,2.03
600419.SH,-0.06,0.4,0.05,1.02,0.4,1.96
600420.SH,-0.04,0.33,0.03,0.72,0.33,1.82
600421.SH,-0.09,0.51,0.08,1.31,0.48,1.98
600422.SH,-0.02,0.42,0.17,1.11,0.42,1.98
600423.SH,-0.11,0.4,-0.07,1,0.4,1.92
600425.SH,-0.07,0.44,0.05,1.18,0.44,1.98
600426.SH,0.16,0.41,0.56,1.11,0.4,2.05
600429.SH,-0.09,0.32,-0.14,0.65,0.32,1.74
600433.SH,-0.13,0.41,-0.12,1.03,0.41,1.93
600435.SH,-0.09,0.43,0.01,1.13,0.43,1.96
600436.SH,0.22,0.37,0.71,1.04,0.37,2.09
600438.SH,0.16,0.48,0.54,1.17,0.42,2.05
600439.SH,-0.07,0.37,0,0.89,0.37,1.9
600444.SH,-0.04,0.42,0.12,1.11,0.42,1.98
600449.SH,0.01,0.44,0.25,1.17,0.44,1.99
600452.SH,0.14,0.41,0.52,1.13,0.41,2.03
600455.SH,-0.09,0.42,0,1.08,0.42,1.96
600456.SH,0.08,0.46,0.39,1.2,0.44,2.01
600458.SH,-0.09,0.44,0.02,1.16,0.44,1.97
600459.SH,0.06,0.46,0.35,1.23,0.45,2
600460.SH,0.15,0.51,0.52,1.17,0.42,2.05
600463.SH,-0.03,0.53,0.21,1.28,0.47,1.99
600467.SH,-0.09,0.38,-0.04,0.93,0.38,1.89
600468.SH,-0.08,0.44,0.04,1.16,0.44,1.97
600469.SH,-0.04,0.4,0.1,1.02,0.4,1.97
600470.SH,-0.07,0.47,0.09,1.28,0.47,1.98
600475.SH,0.01,0.39,0.21,1.01,0.39,1.98
600476.SH,-0.08,0.52,0.11,1.29,0.47,1.98
600477.SH,-0.05,0.43,0.1,1.13,0.43,1.97
600478.SH,-0.11,0.46,-0.02,1.22,0.46,1.97
600479.SH,0.01,0.35,0.2,0.85,0.35,1.94
600480.SH,-0.04,0.44,0.12,1.17,0.44,1.98
600481.SH,-0.1,0.45,0,1.21,0.45,1.98
600483.SH,-0.01,0.39,0.16,0.99,0.39,1.96
600486.SH,0.12,0.4,0.47,1.07,0.4,2.04
600487.SH,0.09,0.43,0.42,1.17,0.43,2.02
600488.SH,-0.07,0.32,-0.08,0.67,0.32,1.77
600489.SH,0.06,0.35,0.34,0.86,0.35,1.94
600490.SH,-0.13,0.45,-0.08,1.19,0.45,1.96
600491.SH,-0.13,0.44,-0.1,1.14,0.44,1.95
600493.SH,-0.12,0.43,-0.07,1.12,0.43,1.95
600495.SH,-0.13,0.39,-0.16,0.94,0.39,1.9
600496.SH,-0.11,0.37,-0.13,0.85,0.37,1.86
600497.SH,0.02,0.42,0.25,1.1,0.42,1.98
600498.SH,-0.03,0.4,0.11,1.02,0.4,1.95
600500.SH,-0.1,0.37,-0.09,0.88,0.37,1.89
600501.SH,-0.04,0.49,0.16,1.3,0.48,1.98
600502.SH,-0.04,0.36,0.08,0.87,0.36,1.91
600503.SH,-0.2,0.44,-0.29,1.11,0.44,1.93
600505.SH,0,0.46,0.22,1.25,0.46,1.99
600506.SH,-0.05,0.5,0.15,1.32,0.48,1.98
600507.SH,0.03,0.41,0.28,1.06,0.41,1.98
600508.SH,0.04,0.36,0.28,0.91,0.36,1.97
600509.SH,-0.07,0.45,0.05,1.19,0.45,1.98
600510.SH,-0.11,0.41,-0.07,1.04,0.41,1.94
600511.SH,-0.01,0.38,0.16,0.95,0.37,1.97
600512.SH,-0.09,0.38,-0.08,0.9,0.38,1.89
600513.SH,-0.04,0.41,0.11,1.06,0.41,1.97
600516.SH,0.01,0.46,0.25,1.24,0.46,1.99
600517.SH,-0.1,0.43,-0.04,1.11,0.43,1.96
600518.SH,-0.22,0.4,-0.41,0.95,0.4,1.86
600519.SH,0.28,0.3,0.97,0.86,0.3,2.2
600520.SH,0.07,0.57,0.39,1.23,0.45,2.01
600521.SH,0.03,0.44,0.28,1.19,0.44,2
600522.SH,0.06,0.44,0.36,1.19,0.44,2.01
600523.SH,-0.03,0.47,0.16,1.26,0.46,1.99
600526.SH,-0.16,0.42,-0.19,1.07,0.42,1.94
600527.SH,-0.06,0.38,0.02,0.94,0.38,1.91
600528.SH,-0.06,0.34,0,0.78,0.34,1.85
600531.SH,0.05,0.46,0.34,1.25,0.46,1.99
600535.SH,-0.05,0.33,0,0.71,0.33,1.8
600536.SH,0.09,0.55,0.42,1.23,0.45,2.02
600538.SH,-0.13,0.4,-0.15,0.99,0.4,1.93
600539.SH,-0.1,0.37,-0.09,0.86,0.37,1.87
600540.SH,-0.1,0.5,0.03,1.35,0.49,1.98
600543.SH,-0.09,0.47,0.03,1.26,0.47,1.98
600545.SH,-0.23,0.43,-0.4,1.06,0.42,1.91
600546.SH,0.12,0.51,0.48,1.19,0.43,2.03
600547.SH,0.12,0.37,0.49,0.97,0.37,2
600548.SH,0.08,0.27,0.41,0.6,0.27,1.88
600549.SH,0.03,0.44,0.29,1.18,0.44,1.99
600550.SH,0.01,0.48,0.25,1.25,0.46,1.99
600551.SH,-0.04,0.38,0.09,0.95,0.38,1.94
600552.SH,0,0.5,0.26,1.24,0.45,2
600556.SH,-0.13,0.48,-0.06,1.3,0.48,1.98
600557.SH,-0.05,0.4,0.07,1.01,0.4,1.95
600558.SH,-0.04,0.38,0.08,0.96,0.38,1.95
600559.SH,0.06,0.45,0.34,1.21,0.44,2.01
600560.SH,-0.03,0.45,0.16,1.22,0.45,1.99
600561.SH,-0.14,0.42,-0.15,1.07,0.42,1.93
600562.SH,-0.02,0.41,0.16,1.07,0.41,1.97
600563.SH,0.17,0.45,0.58,1.15,0.41,2.06
600566.SH,0.04,0.38,0.3,1,0.38,1.99
600567.SH,-0.11,0.31,-0.24,0.59,0.31,1.67
600569.SH,-0.09,0.42,-0.02,1.07,0.42,1.94
600570.SH,0.03,0.48,0.29,1.23,0.45,2
600571.SH,-0.09,0.52,0.08,1.34,0.49,1.98
600572.SH,-0.07,0.34,-0.05,0.74,0.34,1.82
600573.SH,-0.02,0.43,0.17,1.14,0.43,1.98
600576.SH,-0.1,0.48,0.01,1.29,0.48,1.98
600577.SH,0.02,0.44,0.27,1.19,0.44,1.99
600578.SH,-0.05,0.29,-0.03,0.59,0.29,1.73
600579.SH,-0.1,0.49,0.04,1.33,0.49,1.98
600580.SH,-0.01,0.42,0.2,1.13,0.42,1.99
600581.SH,-0.07,0.47,0.09,1.29,0.47,1.98
600582.SH,-0.02,0.35,0.13,0.84,0.35,1.93
600583.SH,-0.07,0.34,-0.04,0.76,0.34,1.83
600585.SH,0.07,0.32,0.37,0.79,0.32,1.98
600586.SH,0,0.46,0.23,1.24,0.46,1.99
600587.SH,-0.04,0.43,0.11,1.14,0.43,1.98
600588.SH,-0.04,0.49,0.15,1.27,0.47,1.99
600592.SH,-0.05,0.45,0.12,1.21,0.45,1.98
600594.SH,-0.18,0.39,-0.31,0.9,0.39,1.85
600595.SH,-0.09,0.44,0,1.16,0.44,1.97
600596.SH,0.03,0.47,0.29,1.23,0.45,2
600597.SH,-0.09,0.33,-0.11,0.71,0.33,1.78
600599.SH,-0.12,0.51,0.01,1.35,0.49,1.98
600600.SH,0.09,0.36,0.41,0.95,0.36,2.01
600601.SH,-0.06,0.42,0.05,1.07,0.41,1.96
600602.SH,0.03,0.48,0.3,1.22,0.45,2
600603.SH,0.01,0.43,0.24,1.14,0.43,2
600604.SH,-0.06,0.51,0.12,1.29,0.48,1.98
600605.SH,0.12,0.44,0.47,1.17,0.43,2.03
600606.SH,-0.21,0.37,-0.45,0.8,0.37,1.78
600608.SH,-0.13,0.37,-0.18,0.87,0.37,1.86
600611.SH,0,0.36,0.18,0.88,0.36,1.94
600612.SH,0.04,0.32,0.29,0.73,0.32,1.88
600613.SH,-0.12,0.46,-0.04,1.23,0.46,1.97
600615.SH,-0.07,0.44,0.06,1.17,0.44,1.98
600616.SH,-0.08,0.43,0.03,1.12,0.43,1.96
600617.SH,-0.18,0.38,-0.31,0.88,0.38,1.84
600618.SH,-0.04,0.43,0.12,1.13,0.43,1.98
600619.SH,-0.01,0.44,0.19,1.17,0.44,1.99
600620.SH,-0.1,0.45,-0.02,1.18,0.45,1.97
600621.SH,0,0.5,0.24,1.22,0.45,2
600622.SH,-0.03,0.49,0.17,1.28,0.47,1.99
600623.SH,-0.1,0.41,-0.07,1.01,0.4,1.93
600624.SH,-0.1,0.46,-0.01,1.21,0.45,1.97
600626.SH,-0.16,0.42,-0.2,1.03,0.42,1.91
600628.SH,-0.12,0.36,-0.18,0.8,0.36,1.83
600629.SH,-0.12,0.42,-0.1,1.06,0.42,1.94
600630.SH,-0.09,0.5,0.06,1.32,0.48,1.98
600635.SH,-0.09,0.37,-0.07,0.88,0.37,1.88
600636.SH,-0.06,0.45,0.09,1.22,0.45,1.98
600637.SH,-0.13,0.31,-0.28,0.58,0.31,1.65
600638.SH,-0.09,0.4,-0.04,1.02,0.4,1.94
600639.SH,-0.07,0.38,0,0.93,0.38,1.91
600640.SH,-0.09,0.52,0.07,1.32,0.48,1.98
600642.SH,0.03,0.27,0.23,0.57,0.27,1.81
600644.SH,-0.03,0.39,0.12,0.99,0.39,1.94
600648.SH,-0.1,0.33,-0.15,0.69,0.33,1.77
600649.SH,-0.12,0.35,-0.2,0.76,0.35,1.8
600650.SH,-0.05,0.44,0.09,1.14,0.43,1.97
600651.SH,-0.17,0.45,-0.19,1.18,0.45,1.96
600653.SH,-0.19,0.41,-0.31,0.97,0.41,1.88
600655.SH,-0.1,0.34,-0.14,0.74,0.34,1.78
600657.SH,-0.03,0.42,0.13,1.11,0.42,1.98
600658.SH,-0.06,0.44,0.07,1.15,0.44,1.97
600660.SH,0.22,0.32,0.78,0.88,0.32,2.13
600661.SH,-0.09,0.5,0.06,1.35,0.49,1.98
600662.SH,-0.11,0.42,-0.07,1.08,0.42,1.95
600663.SH,-0.07,0.33,-0.06,0.72,0.33,1.8
600664.SH,-0.09,0.35,-0.08,0.8,0.35,1.85
600665.SH,-0.07,0.41,0.02,1.03,0.41,1.94
600666.SH,-0.19,0.47,-0.21,1.26,0.47,1.97
600667.SH,-0.01,0.45,0.2,1.21,0.45,1.99
600668.SH,-0.02,0.38,0.14,0.94,0.38,1.93
600671.SH,-0.13,0.4,-0.14,1.01,0.4,1.92
600673.SH,-0.01,0.39,0.18,1.01,0.39,1.98
600674.SH,0.07,0.24,0.42,0.49,0.24,1.8
600675.SH,-0.1,0.38,-0.08,0.92,0.38,1.9
600676.SH,-0.14,0.37,-0.22,0.84,0.37,1.83
600678.SH,-0.06,0.52,0.14,1.31,0.48,1.98
600679.SH,-0.06,0.49,0.12,1.29,0.47,1.98
600681.SH,-0.06,0.33,-0.03,0.72,0.33,1.8
600683.SH,-0.05,0.49,0.14,1.26,0.46,1.99
600684.SH,-0.13,0.46,-0.07,1.22,0.46,1.97
600685.SH,-0.09,0.46,0.03,1.24,0.46,1.98
600686.SH,-0.07,0.49,0.09,1.31,0.48,1.98
600688.SH,-0.09,0.31,-0.14,0.65,0.31,1.75
600690.SH,0.14,0.34,0.56,0.88,0.34,2.04
600691.SH,-0.08,0.41,0.01,1.05,0.41,1.95
600692.SH,-0.1,0.45,-0.02,1.17,0.44,1.97
600693.SH,-0.05,0.38,0.06,0.95,0.38,1.95
600694.SH,-0.05,0.3,-0.03,0.61,0.3,1.74
600696.SH,-0.04,0.49,0.17,1.34,0.49,1.98
600697.SH,-0.08,0.34,-0.09,0.75,0.34,1.82
600698.SH,-0.09,0.5,0.07,1.34,0.49,1.98
600699.SH,-0.03,0.45,0.16,1.21,0.45,1.99
600702.SH,0.11,0.52,0.47,1.21,0.44,2.02
600703.SH,-0.02,0.46,0.18,1.24,0.46,1.99
600704.SH,-0.05,0.36,0.02,0.83,0.36,1.87
600705.SH,-0.1,0.37,-0.11,0.85,0.37,1.86
600706.SH,-0.06,0.48,0.12,1.29,0.47,1.98
600708.SH,-0.12,0.4,-0.12,0.98,0.4,1.92
600711.SH,-0.07,0.49,0.08,1.33,0.49,1.98
600712.SH,-0.08,0.48,0.06,1.29,0.47,1.98
600713.SH,-0.08,0.31,-0.11,0.64,0.31,1.75
600715.SH,-0.19,0.5,-0.18,1.35,0.49,1.98
600716.SH,-0.11,0.41,-0.08,1.02,0.4,1.93
600717.SH,-0.03,0.28,0.02,0.54,0.27,1.71
600718.SH,-0.06,0.42,0.05,1.09,0.42,1.97
600720.SH,0.02,0.42,0.25,1.11,0.42,1.99
600722.SH,-0.03,0.48,0.18,1.28,0.47,1.99
600724.SH,-0.09,0.4,-0.04,0.98,0.4,1.92
600725.SH,-0.03,0.42,0.14,1.1,0.42,1.98
600726.SH,-0.18,0.4,-0.28,0.97,0.4,1.88
600727.SH,-0.03,0.44,0.15,1.16,0.44,1.99
600728.SH,-0.09,0.44,0,1.15,0.44,1.96
600730.SH,-0.12,0.46,-0.04,1.22,0.46,1.97
600731.SH,-0.04,0.39,0.09,0.99,0.39,1.96
600732.SH,0.06,0.48,0.35,1.21,0.44,2.01
600733.SH,-0.05,0.48,0.13,1.3,0.48,1.98
600736.SH,-0.08,0.37,-0.04,0.86,0.37,1.88
600737.SH,-0.07,0.39,0,0.94,0.39,1.91
600738.SH,-0.07,0.43,0.04,1.11,0.42,1.97
600740.SH,-0.01,0.45,0.21,1.22,0.45,1.99
600741.SH,0.04,0.34,0.3,0.86,0.34,1.97
600742.SH,0.02,0.37,0.23,0.95,0.37,1.97
600743.SH,-0.17,0.4,-0.27,0.94,0.39,1.88
600744.SH,-0.13,0.47,-0.08,1.24,0.47,1.97
600746.SH,-0.04,0.48,0.15,1.3,0.48,1.98
600748.SH,-0.13,0.41,-0.14,1.01,0.41,1.92
600749.SH,-0.09,0.44,0,1.16,0.44,1.97
600750.SH,0.04,0.35,0.3,0.85,0.35,1.94
600751.SH,-0.15,0.45,-0.15,1.17,0.45,1.96
600753.SH,-0.1,0.54,0.08,1.31,0.48,1.98
600755.SH,0,0.34,0.18,0.8,0.34,1.91
600756.SH,-0.07,0.49,0.09,1.34,0.49,1.98
600757.SH,0.01,0.35,0.2,0.84,0.35,1.94
600758.SH,-0.14,0.47,-0.1,1.24,0.46,1.97
600759.SH,-0.16,0.42,-0.19,1.08,0.42,1.93
600760.SH,0.19,0.47,0.6,1.17,0.42,2.05
600761.SH,0.08,0.37,0.4,0.97,0.37,2.01
600764.SH,0.02,0.44,0.26,1.19,0.44,1.99
600765.SH,0.02,0.47,0.27,1.21,0.45,2
600768.SH,-0.1,0.41,-0.04,1.04,0.41,1.94
600769.SH,-0.03,0.49,0.19,1.27,0.47,1.99
600770.SH,-0.14,0.45,-0.11,1.19,0.45,1.97
600771.SH,-0.04,0.46,0.14,1.23,0.46,1.99
600773.SH,-0.07,0.52,0.11,1.3,0.48,1.98
600774.SH,-0.06,0.48,0.11,1.3,0.48,1.98
600775.SH,-0.08,0.5,0.08,1.29,0.47,1.98
600776.SH,-0.02,0.5,0.21,1.27,0.47,1.99
600779.SH,0.18,0.45,0.59,1.17,0.42,2.04
600780.SH,-0.05,0.36,0.05,0.86,0.36,1.9
600782.SH,0.05,0.44,0.33,1.18,0.44,2
600783.SH,-0.08,0.47,0.06,1.26,0.47,1.98
600784.SH,-0.08,0.39,-0.02,0.95,0.39,1.92
600785.SH,-0.12,0.42,-0.1,1.06,0.42,1.93
600787.SH,-0.1,0.38,-0.09,0.88,0.37,1.87
600789.SH,-0.03,0.44,0.15,1.18,0.44,1.98
600790.SH,-0.06,0.31,-0.03,0.62,0.3,1.74
600791.SH,-0.09,0.49,0.04,1.32,0.48,1.98
600792.SH,-0.07,0.46,0.07,1.25,0.46,1.98
600794.SH,-0.09,0.38,-0.06,0.92,0.38,1.9
600795.SH,0.02,0.28,0.22,0.58,0.28,1.79
600796.SH,-0.09,0.4,-0.05,0.99,0.4,1.93
600797.SH,-0.1,0.45,0.01,1.21,0.45,1.97
600800.SH,-0.16,0.44,-0.16,1.15,0.44,1.95
600801.SH,0.1,0.43,0.43,1.16,0.42,2.03
600802.SH,-0.1,0.42,-0.02,1.09,0.42,1.96
600803.SH,0.06,0.41,0.35,1.08,0.41,2
600804.SH,-0.28,0.49,-0.44,1.34,0.49,1.98
600805.SH,-0.13,0.38,-0.18,0.9,0.38,1.87
600807.SH,-0.17,0.49,-0.14,1.33,0.49,1.98
600808.SH,-0.04,0.37,0.06,0.89,0.37,1.92
600809.SH,0.37,0.43,0.94,1.12,0.39,2.15
600810.SH,0.01,0.45,0.25,1.23,0.45,2
600812.SH,-0.07,0.45,0.07,1.18,0.44,1.98
600814.SH,-0.06,0.42,0.06,1.1,0.42,1.97
600815.SH,-0.18,0.41,-0.28,1.02,0.41,1.91
600816.SH,-0.09,0.44,0,1.17,0.44,1.98
600817.SH,-0.02,0.37,0.12,0.92,0.37,1.94
600818.SH,-0.14,0.54,-0.02,1.35,0.49,1.98
600819.SH,-0.05,0.43,0.09,1.11,0.42,1.97
600820.SH,-0.05,0.29,-0.04,0.58,0.29,1.73
600821.SH,-0.07,0.46,0.08,1.24,0.46,1.98
600822.SH,-0.05,0.47,0.13,1.28,0.47,1.98
600824.SH,-0.11,0.36,-0.15,0.8,0.36,1.84
600825.SH,-0.11,0.45,-0.03,1.18,0.45,1.97
600826.SH,-0.11,0.38,-0.13,0.91,0.38,1.9
600827.SH,-0.09,0.42,-0.01,1.07,0.42,1.95
600829.SH,-0.09,0.41,-0.02,1.04,0.41,1.94
600830.SH,-0.01,0.46,0.2,1.25,0.46,1.99
600831.SH,-0.2,0.47,-0.25,1.26,0.47,1.97
600833.SH,-0.06,0.43,0.07,1.12,0.43,1.97
600834.SH,-0.1,0.4,-0.05,0.99,0.4,1.92
600835.SH,-0.07,0.35,-0.03,0.81,0.35,1.87
600837.SH,0,0.31,0.16,0.72,0.31,1.9
600838.SH,-0.09,0.43,0,1.14,0.43,1.97
600841.SH,-0.12,0.47,-0.04,1.27,0.47,1.98
600843.SH,-0.08,0.43,0.01,1.1,0.43,1.96
600844.SH,-0.14,0.49,-0.06,1.34,0.49,1.98
600845.SH,0.14,0.44,0.52,1.16,0.42,2.04
600846.SH,-0.01,0.42,0.18,1.09,0.42,1.98
600848.SH,-0.04,0.41,0.1,1.08,0.41,1.97
600851.SH,-0.08,0.39,-0.03,0.95,0.39,1.92
600854.SH,-0.06,0.41,0.06,1.05,0.41,1.96
600855.SH,-0.12,0.48,-0.02,1.3,0.48,1.98
600857.SH,-0.11,0.4,-0.08,1.02,0.4,1.94
600858.SH,-0.1,0.37,-0.09,0.88,0.37,1.88
600859.SH,-0.02,0.42,0.15,1.11,0.42,1.98
600861.SH,0.01,0.43,0.24,1.15,0.43,2
600862.SH,0,0.46,0.23,1.25,0.46,1.99
600863.SH,0,0.34,0.17,0.8,0.34,1.9
600864.SH,-0.1,0.44,-0.03,1.15,0.44,1.97
600865.SH,-0.07,0.41,0.04,1.07,0.41,1.97
600867.SH,-0.05,0.36,0.03,0.86,0.36,1.9
600868.SH,-0.16,0.39,-0.25,0.92,0.39,1.87
600869.SH,-0.08,0.43,0.01,1.12,0.43,1.97
600871.SH,-0.17,0.35,-0.34,0.75,0.35,1.77
600874.SH,-0.06,0.38,0.02,0.93,0.38,1.91
600875.SH,0,0.4,0.19,1.02,0.4,1.98
600876.SH,-0.15,0.49,-0.07,1.35,0.49,1.98
600877.SH,0.02,0.44,0.27,1.18,0.44,1.99
600880.SH,-0.12,0.45,-0.06,1.17,0.45,1.96
600881.SH,-0.19,0.37,-0.37,0.81,0.37,1.8
600883.SH,-0.09,0.44,0,1.16,0.44,1.97
600884.SH,-0.01,0.49,0.22,1.26,0.46,1.99
600885.SH,0.09,0.39,0.4,1.06,0.39,2.02
600887.SH,0.08,0.32,0.4,0.77,0.32,1.96
600888.SH,0.02,0.42,0.24,1.1,0.42,1.99
600889.SH,-0.09,0.49,0.05,1.31,0.48,1.98
600892.SH,-0.11,0.51,0.03,1.35,0.49,1.98
600893.SH,-0.02,0.41,0.15,1.08,0.41,1.97
600894.SH,-0.02,0.34,0.11,0.79,0.34,1.89
600895.SH,0.01,0.45,0.25,1.23,0.45,1.99
600897.SH,-0.01,0.27,0.11,0.55,0.27,1.74
600898.SH,-0.24,0.47,-0.34,1.25,0.47,1.96
600917.SH,-0.08,0.38,-0.02,0.92,0.38,1.92
600958.SH,-0.06,0.38,0.02,0.94,0.38,1.93
600959.SH,-0.18,0.31,-0.5,0.54,0.31,1.56
600960.SH,-0.15,0.43,-0.15,1.11,0.43,1.94
600961.SH,-0.06,0.45,0.08,1.2,0.45,1.97
600962.SH,-0.02,0.46,0.2,1.26,0.46,1.99
600963.SH,-0.03,0.45,0.15,1.2,0.45,1.98
600965.SH,-0.12,0.4,-0.11,0.97,0.4,1.91
600966.SH,-0.01,0.41,0.19,1.09,0.41,1.99
600969.SH,-0.08,0.36,-0.05,0.84,0.36,1.87
600971.SH,0.12,0.42,0.48,1.15,0.42,2.03
600973.SH,-0.05,0.39,0.06,0.98,0.39,1.94
600975.SH,-0.02,0.48,0.2,1.31,0.48,1.98
600976.SH,0.05,0.44,0.33,1.2,0.44,2.01
600980.SH,-0.05,0.46,0.11,1.23,0.46,1.98
600981.SH,-0.17,0.43,-0.23,1.07,0.43,1.92
600982.SH,-0.05,0.36,0.04,0.85,0.36,1.9
600984.SH,-0.08,0.45,0.04,1.18,0.45,1.97
600985.SH,0.07,0.42,0.37,1.13,0.42,2
600986.SH,-0.11,0.48,-0.01,1.31,0.48,1.98
600987.SH,0.01,0.34,0.2,0.8,0.34,1.91
600988.SH,0.12,0.46,0.47,1.25,0.46,2
600990.SH,-0.05,0.42,0.08,1.08,0.42,1.96
600992.SH,0.01,0.5,0.27,1.24,0.46,2
600993.SH,0.02,0.38,0.24,0.98,0.38,1.98
600995.SH,-0.01,0.39,0.17,0.99,0.39,1.96
600997.SH,0.04,0.41,0.29,1.1,0.41,2.01
600998.SH,-0.03,0.33,0.06,0.74,0.33,1.86
600999.SH,0.05,0.33,0.3,0.83,0.33,1.99
601000.SH,0.06,0.32,0.33,0.78,0.32,1.94
601001.SH,0.11,0.45,0.45,1.17,0.43,2.03
601002.SH,-0.12,0.4,-0.13,0.98,0.4,1.92
601006.SH,0.01,0.2,0.17,0.32,0.2,1.52
601007.SH,-0.08,0.41,0,1.03,0.41,1.95
601008.SH,-0.08,0.4,-0.02,1.01,0.4,1.93
601009.SH,0.11,0.27,0.53,0.63,0.27,1.96
601010.SH,-0.14,0.32,-0.31,0.65,0.32,1.72
601011.SH,-0.12,0.46,-0.05,1.25,0.46,1.97
601012.SH,0.19,0.47,0.6,1.14,0.41,2.07
601015.SH,-0.06,0.5,0.13,1.32,0.48,1.98
601016.SH,-0.15,0.4,-0.21,0.98,0.4,1.9
601021.SH,0,0.36,0.17,0.87,0.35,1.94
601028.SH,0.03,0.43,0.28,1.15,0.43,2
601038.SH,0.02,0.5,0.29,1.26,0.46,1.99
601058.SH,0.18,0.41,0.6,1.12,0.4,2.07
601069.SH,-0.03,0.43,0.13,1.12,0.43,1.96
601088.SH,0.19,0.31,0.7,0.82,0.31,2.1
601098.SH,-0.01,0.3,0.12,0.65,0.3,1.81
601099.SH,-0.02,0.39,0.14,1.01,0.39,1.97
601100.SH,0.25,0.44,0.74,1.12,0.39,2.11
601101.SH,0.06,0.44,0.35,1.19,0.44,2.01
601106.SH,-0.14,0.36,-0.25,0.79,0.36,1.8
601107.SH,0.03,0.32,0.25,0.77,0.32,1.93
601111.SH,-0.04,0.38,0.07,0.92,0.38,1.92
601113.SH,-0.1,0.39,-0.09,0.94,0.39,1.92
601116.SH,-0.02,0.49,0.2,1.25,0.46,1.99
601117.SH,0.02,0.36,0.24,0.91,0.36,1.96
601118.SH,-0.07,0.37,0,0.9,0.37,1.92
601126.SH,0.06,0.46,0.35,1.19,0.44,2.01
601137.SH,0.07,0.46,0.37,1.21,0.44,2.01
601139.SH,-0.01,0.32,0.13,0.73,0.32,1.87
601158.SH,-0.04,0.25,-0.06,0.44,0.25,1.58
601166.SH,0.08,0.25,0.44,0.54,0.25,1.87
601168.SH,0.12,0.41,0.48,1.11,0.41,2.02
601169.SH,0.05,0.19,0.38,0.33,0.19,1.61
601177.SH,-0.03,0.38,0.12,0.95,0.38,1.94
601179.SH,0,0.37,0.19,0.92,0.37,1.96
601186.SH,-0.04,0.33,0.04,0.73,0.33,1.84
601188.SH,-0.04,0.36,0.08,0.85,0.36,1.89
601198.SH,-0.07,0.38,-0.02,0.92,0.38,1.92
601199.SH,-0.03,0.37,0.11,0.91,0.37,1.93
601208.SH,0.01,0.43,0.24,1.16,0.43,2
601211.SH,0.01,0.29,0.17,0.64,0.29,1.85
601216.SH,-0.03,0.42,0.14,1.07,0.42,1.95
601218.SH,-0.09,0.42,-0.01,1.09,0.42,1.96
601222.SH,-0.02,0.44,0.16,1.17,0.44,1.99
601225.SH,0.22,0.39,0.71,1.09,0.39,2.09
601226.SH,-0.11,0.39,-0.11,0.94,0.39,1.9
601233.SH,0.02,0.44,0.27,1.18,0.44,1.99
601238.SH,-0.04,0.37,0.06,0.89,0.37,1.91
601288.SH,0.11,0.18,0.66,0.35,0.18,1.82
601311.SH,-0.05,0.41,0.08,1.05,0.41,1.96
601318.SH,0.11,0.28,0.51,0.66,0.28,1.95
601328.SH,0.08,0.19,0.5,0.36,0.19,1.73
601333.SH,-0.04,0.3,0.03,0.63,0.3,1.77
601336.SH,0.05,0.37,0.31,0.96,0.37,2
601339.SH,0,0.35,0.16,0.81,0.35,1.89
601360.SH,-0.06,0.48,0.11,1.3,0.48,1.98
601368.SH,-0.14,0.32,-0.32,0.62,0.32,1.68
601369.SH,0.01,0.39,0.23,1.01,0.39,1.99
601377.SH,-0.02,0.36,0.12,0.9,0.36,1.95
601390.SH,-0.06,0.31,-0.03,0.65,0.31,1.76
601398.SH,0.09,0.19,0.57,0.39,0.19,1.84
601515.SH,-0.11,0.39,-0.11,0.97,0.39,1.91
601518.SH,-0.05,0.32,0,0.69,0.32,1.81
601519.SH,-0.06,0.49,0.11,1.3,0.48,1.98
601555.SH,-0.05,0.38,0.04,0.93,0.38,1.93
601566.SH,-0.06,0.38,0.03,0.92,0.38,1.91
601567.SH,0.14,0.43,0.52,1.16,0.42,2.03
601579.SH,-0.03,0.4,0.13,1.01,0.4,1.96
601588.SH,-0.13,0.34,-0.22,0.74,0.34,1.78
601599.SH,-0.08,0.47,0.05,1.27,0.47,1.98
601600.SH,0.03,0.41,0.27,1.07,0.41,1.98
601601.SH,0.09,0.34,0.43,0.86,0.34,2
601607.SH,0.02,0.3,0.21,0.67,0.3,1.86
601608.SH,-0.09,0.4,-0.03,1.01,0.4,1.93
601616.SH,-0.08,0.36,-0.05,0.85,0.36,1.88
601628.SH,0.08,0.35,0.39,0.9,0.35,2.01
601633.SH,0.14,0.45,0.51,1.17,0.43,2.03
601636.SH,0.1,0.47,0.45,1.18,0.43,2.03
601666.SH,0.08,0.45,0.41,1.19,0.44,2.02
601668.SH,0.07,0.29,0.36,0.69,0.29,1.94
601669.SH,-0.05,0.35,0.03,0.82,0.35,1.88
601677.SH,0.05,0.42,0.33,1.11,0.42,2
601678.SH,-0.02,0.41,0.15,1.05,0.41,1.96
601688.SH,0.02,0.35,0.23,0.86,0.35,1.96
601689.SH,0.18,0.51,0.59,1.17,0.42,2.06
601699.SH,0.14,0.45,0.51,1.16,0.42,2.04
601700.SH,-0.07,0.47,0.08,1.26,0.47,1.98
601717.SH,0.06,0.41,0.35,1.09,0.41,2
601718.SH,-0.21,0.36,-0.46,0.77,0.36,1.75
601727.SH,-0.12,0.32,-0.22,0.64,0.32,1.71
601766.SH,-0.03,0.29,0.02,0.59,0.29,1.76
601777.SH,-0.12,0.49,-0.02,1.32,0.48,1.98
601788.SH,-0.01,0.39,0.17,1.02,0.39,1.98
601789.SH,-0.03,0.45,0.15,1.2,0.45,1.98
601798.SH,-0.09,0.46,0.03,1.24,0.46,1.98
601799.SH,0.21,0.43,0.66,1.13,0.4,2.07
601800.SH,-0.02,0.38,0.14,0.96,0.38,1.95
601801.SH,-0.07,0.39,0,0.96,0.39,1.94
601808.SH,-0.02,0.39,0.14,0.98,0.39,1.96
601818.SH,0.03,0.22,0.25,0.43,0.22,1.72
601857.SH,0.01,0.26,0.16,0.49,0.26,1.69
601872.SH,0.01,0.42,0.23,1.11,0.42,1.99
601880.SH,-0.08,0.31,-0.12,0.62,0.31,1.74
601886.SH,-0.07,0.4,0.03,1.02,0.4,1.95
601888.SH,0.11,0.43,0.45,1.13,0.41,2.05
601890.SH,-0.08,0.46,0.06,1.25,0.46,1.98
601898.SH,0.07,0.37,0.38,0.98,0.37,2.01
601899.SH,0.2,0.38,0.67,1.03,0.38,2.05
601901.SH,-0.01,0.38,0.17,0.98,0.38,1.98
601908.SH,-0.15,0.48,-0.09,1.29,0.48,1.98
601918.SH,-0.06,0.42,0.06,1.1,0.42,1.97
601928.SH,0.01,0.34,0.2,0.84,0.34,1.94
601929.SH,-0.16,0.38,-0.26,0.87,0.38,1.85
601933.SH,-0.08,0.36,-0.05,0.82,0.36,1.84
601939.SH,0.1,0.21,0.56,0.45,0.21,1.87
601958.SH,0.04,0.38,0.3,0.99,0.38,1.98
601965.SH,0.07,0.41,0.36,1.1,0.41,2.02
601968.SH,-0.12,0.41,-0.1,1.02,0.41,1.92
601969.SH,-0.09,0.48,0.03,1.3,0.48,1.98
601985.SH,0.02,0.28,0.21,0.58,0.28,1.77
601988.SH,0.08,0.17,0.52,0.33,0.17,1.71
601989.SH,-0.11,0.32,-0.22,0.65,0.32,1.73
601991.SH,-0.08,0.32,-0.09,0.7,0.32,1.79
601992.SH,-0.1,0.33,-0.14,0.72,0.33,1.79
601996.SH,-0.09,0.36,-0.07,0.85,0.36,1.87
601998.SH,0.04,0.26,0.28,0.55,0.26,1.83
601999.SH,-0.08,0.45,0.05,1.21,0.45,1.98
603000.SH,0,0.5,0.24,1.26,0.46,1.99
603001.SH,-0.15,0.35,-0.29,0.74,0.35,1.77
603002.SH,-0.03,0.45,0.16,1.21,0.45,1.99
603003.SH,-0.15,0.48,-0.09,1.3,0.48,1.98
603005.SH,0.04,0.53,0.35,1.24,0.45,2
603006.SH,-0.04,0.5,0.16,1.29,0.48,1.98
603009.SH,0.1,0.54,0.44,1.22,0.44,2.02
603010.SH,0.02,0.43,0.25,1.15,0.43,2
603012.SH,-0.1,0.36,-0.11,0.81,0.36,1.81
603015.SH,-0.06,0.46,0.11,1.25,0.46,1.98
603018.SH,-0.03,0.38,0.1,0.94,0.38,1.95
603019.SH,0.13,0.51,0.49,1.21,0.44,2.03
603020.SH,-0.11,0.41,-0.09,1.03,0.41,1.93
603021.SH,-0.16,0.47,-0.14,1.25,0.47,1.97
603022.SH,-0.11,0.48,-0.02,1.29,0.48,1.98
603023.SH,-0.12,0.51,0,1.35,0.49,1.98
603025.SH,0.01,0.51,0.27,1.25,0.46,1.99
603026.SH,0.04,0.57,0.35,1.25,0.46,2
603030.SH,-0.15,0.45,-0.13,1.18,0.45,1.96
603066.SH,-0.02,0.49,0.2,1.29,0.47,1.99
603077.SH,-0.07,0.37,0,0.88,0.37,1.89
603085.SH,-0.07,0.53,0.13,1.32,0.48,1.98
603088.SH,0,0.47,0.24,1.25,0.46,1.99
603099.SH,0.04,0.48,0.31,1.18,0.43,2.01
603100.SH,0.06,0.42,0.34,1.14,0.42,2.01
603108.SH,0.06,0.48,0.36,1.21,0.44,2.01
603116.SH,-0.16,0.36,-0.29,0.8,0.36,1.82
603117.SH,-0.15,0.4,-0.21,0.96,0.4,1.89
603118.SH,-0.08,0.47,0.07,1.29,0.47,1.98
603123.SH,-0.03,0.46,0.17,1.22,0.45,1.99
603126.SH,-0.11,0.48,-0.01,1.3,0.48,1.98
603158.SH,-0.06,0.43,0.07,1.15,0.43,1.98
603166.SH,-0.17,0.45,-0.19,1.18,0.45,1.95
603167.SH,-0.02,0.36,0.12,0.88,0.36,1.93
603168.SH,-0.14,0.46,-0.09,1.22,0.46,1.97
603169.SH,-0.14,0.5,-0.06,1.35,0.49,1.98
603188.SH,-0.22,0.38,-0.44,0.87,0.38,1.82
603198.SH,0.09,0.45,0.42,1.19,0.44,2.02
603199.SH,-0.05,0.38,0.05,0.95,0.38,1.94
603222.SH,-0.07,0.48,0.08,1.29,0.48,1.98
603223.SH,0,0.44,0.21,1.15,0.43,1.98
603227.SH,-0.05,0.45,0.12,1.2,0.45,1.98
603268.SH,-0.05,0.45,0.11,1.22,0.45,1.98
603288.SH,0.13,0.34,0.54,0.88,0.34,2.03
603300.SH,0,0.47,0.24,1.27,0.47,1.99
603306.SH,0.03,0.44,0.3,1.18,0.44,2.01
603308.SH,-0.04,0.47,0.16,1.27,0.47,1.98
603309.SH,-0.08,0.43,0.01,1.11,0.43,1.96
603311.SH,-0.11,0.46,-0.03,1.23,0.46,1.97
603315.SH,-0.09,0.45,0.03,1.2,0.45,1.97
603318.SH,-0.08,0.48,0.07,1.31,0.48,1.98
603328.SH,0.01,0.4,0.21,1.04,0.4,1.99
603333.SH,-0.09,0.45,0.02,1.22,0.45,1.98
603338.SH,0.12,0.45,0.47,1.18,0.43,2.03
603355.SH,-0.01,0.42,0.19,1.1,0.42,1.97
603366.SH,-0.1,0.49,0.03,1.31,0.48,1.98
603368.SH,-0.04,0.36,0.08,0.86,0.36,1.9
603369.SH,0.17,0.43,0.59,1.14,0.41,2.05
603399.SH,-0.05,0.52,0.17,1.28,0.47,1.99
603456.SH,0.02,0.45,0.26,1.17,0.43,2.01
603518.SH,-0.12,0.45,-0.06,1.21,0.45,1.97
603519.SH,0.03,0.42,0.28,1.13,0.42,2
603558.SH,-0.04,0.4,0.09,1.02,0.4,1.95
603566.SH,-0.04,0.44,0.12,1.19,0.44,1.98
603567.SH,-0.07,0.35,-0.02,0.8,0.35,1.87
603568.SH,0.07,0.39,0.38,1.05,0.39,2.02
603588.SH,-0.07,0.39,0,0.95,0.39,1.93
603589.SH,0.03,0.43,0.27,1.14,0.43,2
603598.SH,-0.04,0.59,0.22,1.27,0.47,1.99
603599.SH,0.03,0.4,0.26,1.03,0.4,1.98
603600.SH,-0.13,0.45,-0.09,1.17,0.45,1.96
603601.SH,-0.04,0.43,0.12,1.14,0.43,1.97
603606.SH,0.2,0.47,0.62,1.14,0.41,2.08
603609.SH,-0.06,0.4,0.05,1.02,0.4,1.95
603611.SH,0,0.45,0.23,1.21,0.45,1.99
603616.SH,-0.18,0.52,-0.12,1.35,0.49,1.98
603618.SH,-0.06,0.45,0.1,1.22,0.45,1.98
603636.SH,0.01,0.51,0.27,1.24,0.45,2
603669.SH,-0.1,0.41,-0.05,1.06,0.41,1.95
603678.SH,0,0.47,0.25,1.25,0.46,1.99
603688.SH,0.14,0.53,0.51,1.18,0.42,2.05
603698.SH,-0.08,0.42,0.01,1.07,0.42,1.96
603699.SH,0.02,0.36,0.24,0.91,0.36,1.96
603703.SH,-0.03,0.5,0.19,1.31,0.48,1.98
603718.SH,-0.1,0.48,0.03,1.31,0.48,1.98
603729.SH,-0.15,0.5,-0.07,1.35,0.49,1.98
603766.SH,0.01,0.4,0.22,1.04,0.4,1.99
603788.SH,-0.03,0.41,0.12,1.06,0.41,1.97
603789.SH,-0.15,0.42,-0.17,1.05,0.42,1.92
603799.SH,0.16,0.59,0.54,1.23,0.44,2.03
603806.SH,0.1,0.47,0.44,1.18,0.43,2.03
603808.SH,-0.12,0.38,-0.16,0.89,0.38,1.87
603818.SH,-0.18,0.43,-0.24,1.09,0.43,1.93
603828.SH,-0.13,0.41,-0.13,1.02,0.41,1.92
603838.SH,-0.13,0.45,-0.09,1.16,0.44,1.95
603869.SH,-0.13,0.42,-0.12,1.06,0.42,1.94
603883.SH,-0.03,0.41,0.14,1.08,0.41,1.97
603885.SH,-0.06,0.41,0.06,1.03,0.41,1.95
603899.SH,0.05,0.36,0.33,0.94,0.36,2
603918.SH,-0.02,0.55,0.23,1.28,0.47,1.99
603939.SH,0.08,0.43,0.4,1.16,0.43,2.01
603968.SH,-0.1,0.41,-0.05,1.02,0.41,1.93
603969.SH,-0.04,0.46,0.15,1.24,0.46,1.98
603979.SH,0.08,0.4,0.39,1.06,0.4,2.01
603988.SH,0.02,0.55,0.3,1.27,0.46,1.99
603989.SH,-0.05,0.41,0.09,1.07,0.41,1.97
603993.SH,0.07,0.46,0.38,1.26,0.46,1.99
603997.SH,0,0.48,0.24,1.28,0.47,1.99
603998.SH,0.01,0.47,0.25,1.29,0.47,1.99
